timestamp_unix,timestamp_iso,participant_full_id,accelerometers_std_g,missing_value_reason
1709424000000,2024-03-03T00:00:00Z,899-1-1-05,,device_not_recording
1709424060000,2024-03-03T00:01:00Z,899-1-1-05,,device_not_recording
1709424120000,2024-03-03T00:02:00Z,899-1-1-05,,device_not_recording
1709424180000,2024-03-03T00:03:00Z,899-1-1-05,,device_not_recording
1709424240000,2024-03-03T00:04:00Z,899-1-1-05,,device_not_recording
1709424300000,2024-03-03T00:05:00Z,899-1-1-05,,device_not_recording
1709424360000,2024-03-03T00:06:00Z,899-1-1-05,,device_not_recording
1709424420000,2024-03-03T00:07:00Z,899-1-1-05,,device_not_recording
1709424480000,2024-03-03T00:08:00Z,899-1-1-05,,device_not_recording
1709424540000,2024-03-03T00:09:00Z,899-1-1-05,,device_not_recording
1709424600000,2024-03-03T00:10:00Z,899-1-1-05,,device_not_recording
1709424660000,2024-03-03T00:11:00Z,899-1-1-05,,device_not_recording
1709424720000,2024-03-03T00:12:00Z,899-1-1-05,,device_not_recording
1709424780000,2024-03-03T00:13:00Z,899-1-1-05,,device_not_recording
1709424840000,2024-03-03T00:14:00Z,899-1-1-05,,device_not_recording
1709424900000,2024-03-03T00:15:00Z,899-1-1-05,,device_not_recording
1709424960000,2024-03-03T00:16:00Z,899-1-1-05,,device_not_recording
1709425020000,2024-03-03T00:17:00Z,899-1-1-05,,device_not_recording
1709425080000,2024-03-03T00:18:00Z,899-1-1-05,,device_not_recording
1709425140000,2024-03-03T00:19:00Z,899-1-1-05,,device_not_recording
1709425200000,2024-03-03T00:20:00Z,899-1-1-05,,device_not_recording
1709425260000,2024-03-03T00:21:00Z,899-1-1-05,,device_not_recording
1709425320000,2024-03-03T00:22:00Z,899-1-1-05,,device_not_recording
1709425380000,2024-03-03T00:23:00Z,899-1-1-05,,device_not_recording
1709425440000,2024-03-03T00:24:00Z,899-1-1-05,,device_not_recording
1709425500000,2024-03-03T00:25:00Z,899-1-1-05,,device_not_recording
1709425560000,2024-03-03T00:26:00Z,899-1-1-05,,device_not_recording
1709425620000,2024-03-03T00:27:00Z,899-1-1-05,,device_not_recording
1709425680000,2024-03-03T00:28:00Z,899-1-1-05,,device_not_recording
1709425740000,2024-03-03T00:29:00Z,899-1-1-05,,device_not_recording
1709425800000,2024-03-03T00:30:00Z,899-1-1-05,,device_not_recording
1709425860000,2024-03-03T00:31:00Z,899-1-1-05,,device_not_recording
1709425920000,2024-03-03T00:32:00Z,899-1-1-05,,device_not_recording
1709425980000,2024-03-03T00:33:00Z,899-1-1-05,,device_not_recording
1709426040000,2024-03-03T00:34:00Z,899-1-1-05,,device_not_recording
1709426100000,2024-03-03T00:35:00Z,899-1-1-05,,device_not_recording
1709426160000,2024-03-03T00:36:00Z,899-1-1-05,,device_not_recording
1709426220000,2024-03-03T00:37:00Z,899-1-1-05,,device_not_recording
1709426280000,2024-03-03T00:38:00Z,899-1-1-05,,device_not_recording
1709426340000,2024-03-03T00:39:00Z,899-1-1-05,,device_not_recording
1709426400000,2024-03-03T00:40:00Z,899-1-1-05,,device_not_recording
1709426460000,2024-03-03T00:41:00Z,899-1-1-05,,device_not_recording
1709426520000,2024-03-03T00:42:00Z,899-1-1-05,,device_not_recording
1709426580000,2024-03-03T00:43:00Z,899-1-1-05,,device_not_recording
1709426640000,2024-03-03T00:44:00Z,899-1-1-05,,device_not_recording
1709426700000,2024-03-03T00:45:00Z,899-1-1-05,,device_not_recording
1709426760000,2024-03-03T00:46:00Z,899-1-1-05,,device_not_recording
1709426820000,2024-03-03T00:47:00Z,899-1-1-05,,device_not_recording
1709426880000,2024-03-03T00:48:00Z,899-1-1-05,,device_not_recording
1709426940000,2024-03-03T00:49:00Z,899-1-1-05,,device_not_recording
1709427000000,2024-03-03T00:50:00Z,899-1-1-05,,device_not_recording
1709427060000,2024-03-03T00:51:00Z,899-1-1-05,,device_not_recording
1709427120000,2024-03-03T00:52:00Z,899-1-1-05,,device_not_recording
1709427180000,2024-03-03T00:53:00Z,899-1-1-05,,device_not_recording
1709427240000,2024-03-03T00:54:00Z,899-1-1-05,,device_not_recording
1709427300000,2024-03-03T00:55:00Z,899-1-1-05,,device_not_recording
1709427360000,2024-03-03T00:56:00Z,899-1-1-05,,device_not_recording
1709427420000,2024-03-03T00:57:00Z,899-1-1-05,,device_not_recording
1709427480000,2024-03-03T00:58:00Z,899-1-1-05,,device_not_recording
1709427540000,2024-03-03T00:59:00Z,899-1-1-05,,device_not_recording
1709427600000,2024-03-03T01:00:00Z,899-1-1-05,,device_not_recording
1709427660000,2024-03-03T01:01:00Z,899-1-1-05,,device_not_recording
1709427720000,2024-03-03T01:02:00Z,899-1-1-05,,device_not_recording
1709427780000,2024-03-03T01:03:00Z,899-1-1-05,,device_not_recording
1709427840000,2024-03-03T01:04:00Z,899-1-1-05,,device_not_recording
1709427900000,2024-03-03T01:05:00Z,899-1-1-05,,device_not_recording
1709427960000,2024-03-03T01:06:00Z,899-1-1-05,,device_not_recording
1709428020000,2024-03-03T01:07:00Z,899-1-1-05,,device_not_recording
1709428080000,2024-03-03T01:08:00Z,899-1-1-05,,device_not_recording
1709428140000,2024-03-03T01:09:00Z,899-1-1-05,,device_not_recording
1709428200000,2024-03-03T01:10:00Z,899-1-1-05,,device_not_recording
1709428260000,2024-03-03T01:11:00Z,899-1-1-05,,device_not_recording
1709428320000,2024-03-03T01:12:00Z,899-1-1-05,,device_not_recording
1709428380000,2024-03-03T01:13:00Z,899-1-1-05,,device_not_recording
1709428440000,2024-03-03T01:14:00Z,899-1-1-05,,device_not_recording
1709428500000,2024-03-03T01:15:00Z,899-1-1-05,,device_not_recording
1709428560000,2024-03-03T01:16:00Z,899-1-1-05,,device_not_recording
1709428620000,2024-03-03T01:17:00Z,899-1-1-05,,device_not_recording
1709428680000,2024-03-03T01:18:00Z,899-1-1-05,,device_not_recording
1709428740000,2024-03-03T01:19:00Z,899-1-1-05,,device_not_recording
1709428800000,2024-03-03T01:20:00Z,899-1-1-05,,device_not_recording
1709428860000,2024-03-03T01:21:00Z,899-1-1-05,,device_not_recording
1709428920000,2024-03-03T01:22:00Z,899-1-1-05,,device_not_recording
1709428980000,2024-03-03T01:23:00Z,899-1-1-05,,device_not_recording
1709429040000,2024-03-03T01:24:00Z,899-1-1-05,,device_not_recording
1709429100000,2024-03-03T01:25:00Z,899-1-1-05,,device_not_recording
1709429160000,2024-03-03T01:26:00Z,899-1-1-05,,device_not_recording
1709429220000,2024-03-03T01:27:00Z,899-1-1-05,,device_not_recording
1709429280000,2024-03-03T01:28:00Z,899-1-1-05,,device_not_recording
1709429340000,2024-03-03T01:29:00Z,899-1-1-05,,device_not_recording
1709429400000,2024-03-03T01:30:00Z,899-1-1-05,,device_not_recording
1709429460000,2024-03-03T01:31:00Z,899-1-1-05,,device_not_recording
1709429520000,2024-03-03T01:32:00Z,899-1-1-05,,device_not_recording
1709429580000,2024-03-03T01:33:00Z,899-1-1-05,,device_not_recording
1709429640000,2024-03-03T01:34:00Z,899-1-1-05,,device_not_recording
1709429700000,2024-03-03T01:35:00Z,899-1-1-05,,device_not_recording
1709429760000,2024-03-03T01:36:00Z,899-1-1-05,,device_not_recording
1709429820000,2024-03-03T01:37:00Z,899-1-1-05,,device_not_recording
1709429880000,2024-03-03T01:38:00Z,899-1-1-05,,device_not_recording
1709429940000,2024-03-03T01:39:00Z,899-1-1-05,,device_not_recording
1709430000000,2024-03-03T01:40:00Z,899-1-1-05,,device_not_recording
1709430060000,2024-03-03T01:41:00Z,899-1-1-05,,device_not_recording
1709430120000,2024-03-03T01:42:00Z,899-1-1-05,,device_not_recording
1709430180000,2024-03-03T01:43:00Z,899-1-1-05,,device_not_recording
1709430240000,2024-03-03T01:44:00Z,899-1-1-05,,device_not_recording
1709430300000,2024-03-03T01:45:00Z,899-1-1-05,,device_not_recording
1709430360000,2024-03-03T01:46:00Z,899-1-1-05,,device_not_recording
1709430420000,2024-03-03T01:47:00Z,899-1-1-05,,device_not_recording
1709430480000,2024-03-03T01:48:00Z,899-1-1-05,,device_not_recording
1709430540000,2024-03-03T01:49:00Z,899-1-1-05,,device_not_recording
1709430600000,2024-03-03T01:50:00Z,899-1-1-05,,device_not_recording
1709430660000,2024-03-03T01:51:00Z,899-1-1-05,,device_not_recording
1709430720000,2024-03-03T01:52:00Z,899-1-1-05,,device_not_recording
1709430780000,2024-03-03T01:53:00Z,899-1-1-05,,device_not_recording
1709430840000,2024-03-03T01:54:00Z,899-1-1-05,,device_not_recording
1709430900000,2024-03-03T01:55:00Z,899-1-1-05,,device_not_recording
1709430960000,2024-03-03T01:56:00Z,899-1-1-05,,device_not_recording
1709431020000,2024-03-03T01:57:00Z,899-1-1-05,,device_not_recording
1709431080000,2024-03-03T01:58:00Z,899-1-1-05,,device_not_recording
1709431140000,2024-03-03T01:59:00Z,899-1-1-05,,device_not_recording
1709431200000,2024-03-03T02:00:00Z,899-1-1-05,,device_not_recording
1709431260000,2024-03-03T02:01:00Z,899-1-1-05,,device_not_recording
1709431320000,2024-03-03T02:02:00Z,899-1-1-05,,device_not_recording
1709431380000,2024-03-03T02:03:00Z,899-1-1-05,,device_not_recording
1709431440000,2024-03-03T02:04:00Z,899-1-1-05,,device_not_recording
1709431500000,2024-03-03T02:05:00Z,899-1-1-05,,device_not_recording
1709431560000,2024-03-03T02:06:00Z,899-1-1-05,,device_not_recording
1709431620000,2024-03-03T02:07:00Z,899-1-1-05,,device_not_recording
1709431680000,2024-03-03T02:08:00Z,899-1-1-05,,device_not_recording
1709431740000,2024-03-03T02:09:00Z,899-1-1-05,,device_not_recording
1709431800000,2024-03-03T02:10:00Z,899-1-1-05,,device_not_recording
1709431860000,2024-03-03T02:11:00Z,899-1-1-05,,device_not_recording
1709431920000,2024-03-03T02:12:00Z,899-1-1-05,,device_not_recording
1709431980000,2024-03-03T02:13:00Z,899-1-1-05,,device_not_recording
1709432040000,2024-03-03T02:14:00Z,899-1-1-05,,device_not_recording
1709432100000,2024-03-03T02:15:00Z,899-1-1-05,,device_not_recording
1709432160000,2024-03-03T02:16:00Z,899-1-1-05,,device_not_recording
1709432220000,2024-03-03T02:17:00Z,899-1-1-05,,device_not_recording
1709432280000,2024-03-03T02:18:00Z,899-1-1-05,,device_not_recording
1709432340000,2024-03-03T02:19:00Z,899-1-1-05,,device_not_recording
1709432400000,2024-03-03T02:20:00Z,899-1-1-05,,device_not_recording
1709432460000,2024-03-03T02:21:00Z,899-1-1-05,,device_not_recording
1709432520000,2024-03-03T02:22:00Z,899-1-1-05,,device_not_recording
1709432580000,2024-03-03T02:23:00Z,899-1-1-05,,device_not_recording
1709432640000,2024-03-03T02:24:00Z,899-1-1-05,,device_not_recording
1709432700000,2024-03-03T02:25:00Z,899-1-1-05,,device_not_recording
1709432760000,2024-03-03T02:26:00Z,899-1-1-05,,device_not_recording
1709432820000,2024-03-03T02:27:00Z,899-1-1-05,,device_not_recording
1709432880000,2024-03-03T02:28:00Z,899-1-1-05,,device_not_recording
1709432940000,2024-03-03T02:29:00Z,899-1-1-05,,device_not_recording
1709433000000,2024-03-03T02:30:00Z,899-1-1-05,,device_not_recording
1709433060000,2024-03-03T02:31:00Z,899-1-1-05,,device_not_recording
1709433120000,2024-03-03T02:32:00Z,899-1-1-05,,device_not_recording
1709433180000,2024-03-03T02:33:00Z,899-1-1-05,,device_not_recording
1709433240000,2024-03-03T02:34:00Z,899-1-1-05,,device_not_recording
1709433300000,2024-03-03T02:35:00Z,899-1-1-05,,device_not_recording
1709433360000,2024-03-03T02:36:00Z,899-1-1-05,,device_not_recording
1709433420000,2024-03-03T02:37:00Z,899-1-1-05,,device_not_recording
1709433480000,2024-03-03T02:38:00Z,899-1-1-05,,device_not_recording
1709433540000,2024-03-03T02:39:00Z,899-1-1-05,,device_not_recording
1709433600000,2024-03-03T02:40:00Z,899-1-1-05,,device_not_recording
1709433660000,2024-03-03T02:41:00Z,899-1-1-05,,device_not_recording
1709433720000,2024-03-03T02:42:00Z,899-1-1-05,,device_not_recording
1709433780000,2024-03-03T02:43:00Z,899-1-1-05,,device_not_recording
1709433840000,2024-03-03T02:44:00Z,899-1-1-05,,device_not_recording
1709433900000,2024-03-03T02:45:00Z,899-1-1-05,,device_not_recording
1709433960000,2024-03-03T02:46:00Z,899-1-1-05,,device_not_recording
1709434020000,2024-03-03T02:47:00Z,899-1-1-05,,device_not_recording
1709434080000,2024-03-03T02:48:00Z,899-1-1-05,,device_not_recording
1709434140000,2024-03-03T02:49:00Z,899-1-1-05,,device_not_recording
1709434200000,2024-03-03T02:50:00Z,899-1-1-05,,device_not_recording
1709434260000,2024-03-03T02:51:00Z,899-1-1-05,,device_not_recording
1709434320000,2024-03-03T02:52:00Z,899-1-1-05,,device_not_recording
1709434380000,2024-03-03T02:53:00Z,899-1-1-05,,device_not_recording
1709434440000,2024-03-03T02:54:00Z,899-1-1-05,,device_not_recording
1709434500000,2024-03-03T02:55:00Z,899-1-1-05,,device_not_recording
1709434560000,2024-03-03T02:56:00Z,899-1-1-05,,device_not_recording
1709434620000,2024-03-03T02:57:00Z,899-1-1-05,,device_not_recording
1709434680000,2024-03-03T02:58:00Z,899-1-1-05,,device_not_recording
1709434740000,2024-03-03T02:59:00Z,899-1-1-05,,device_not_recording
1709434800000,2024-03-03T03:00:00Z,899-1-1-05,,device_not_recording
1709434860000,2024-03-03T03:01:00Z,899-1-1-05,,device_not_recording
1709434920000,2024-03-03T03:02:00Z,899-1-1-05,,device_not_recording
1709434980000,2024-03-03T03:03:00Z,899-1-1-05,,device_not_recording
1709435040000,2024-03-03T03:04:00Z,899-1-1-05,,device_not_recording
1709435100000,2024-03-03T03:05:00Z,899-1-1-05,,device_not_recording
1709435160000,2024-03-03T03:06:00Z,899-1-1-05,,device_not_recording
1709435220000,2024-03-03T03:07:00Z,899-1-1-05,,device_not_recording
1709435280000,2024-03-03T03:08:00Z,899-1-1-05,,device_not_recording
1709435340000,2024-03-03T03:09:00Z,899-1-1-05,,device_not_recording
1709435400000,2024-03-03T03:10:00Z,899-1-1-05,,device_not_recording
1709435460000,2024-03-03T03:11:00Z,899-1-1-05,,device_not_recording
1709435520000,2024-03-03T03:12:00Z,899-1-1-05,,device_not_recording
1709435580000,2024-03-03T03:13:00Z,899-1-1-05,,device_not_recording
1709435640000,2024-03-03T03:14:00Z,899-1-1-05,,device_not_recording
1709435700000,2024-03-03T03:15:00Z,899-1-1-05,,device_not_recording
1709435760000,2024-03-03T03:16:00Z,899-1-1-05,,device_not_recording
1709435820000,2024-03-03T03:17:00Z,899-1-1-05,,device_not_recording
1709435880000,2024-03-03T03:18:00Z,899-1-1-05,,device_not_recording
1709435940000,2024-03-03T03:19:00Z,899-1-1-05,,device_not_recording
1709436000000,2024-03-03T03:20:00Z,899-1-1-05,,device_not_recording
1709436060000,2024-03-03T03:21:00Z,899-1-1-05,,device_not_recording
1709436120000,2024-03-03T03:22:00Z,899-1-1-05,,device_not_recording
1709436180000,2024-03-03T03:23:00Z,899-1-1-05,,device_not_recording
1709436240000,2024-03-03T03:24:00Z,899-1-1-05,,device_not_recording
1709436300000,2024-03-03T03:25:00Z,899-1-1-05,,device_not_recording
1709436360000,2024-03-03T03:26:00Z,899-1-1-05,,device_not_recording
1709436420000,2024-03-03T03:27:00Z,899-1-1-05,,device_not_recording
1709436480000,2024-03-03T03:28:00Z,899-1-1-05,,device_not_recording
1709436540000,2024-03-03T03:29:00Z,899-1-1-05,,device_not_recording
1709436600000,2024-03-03T03:30:00Z,899-1-1-05,,device_not_recording
1709436660000,2024-03-03T03:31:00Z,899-1-1-05,,device_not_recording
1709436720000,2024-03-03T03:32:00Z,899-1-1-05,,device_not_recording
1709436780000,2024-03-03T03:33:00Z,899-1-1-05,,device_not_recording
1709436840000,2024-03-03T03:34:00Z,899-1-1-05,,device_not_recording
1709436900000,2024-03-03T03:35:00Z,899-1-1-05,,device_not_recording
1709436960000,2024-03-03T03:36:00Z,899-1-1-05,,device_not_recording
1709437020000,2024-03-03T03:37:00Z,899-1-1-05,,device_not_recording
1709437080000,2024-03-03T03:38:00Z,899-1-1-05,,device_not_recording
1709437140000,2024-03-03T03:39:00Z,899-1-1-05,,device_not_recording
1709437200000,2024-03-03T03:40:00Z,899-1-1-05,,device_not_recording
1709437260000,2024-03-03T03:41:00Z,899-1-1-05,,device_not_recording
1709437320000,2024-03-03T03:42:00Z,899-1-1-05,,device_not_recording
1709437380000,2024-03-03T03:43:00Z,899-1-1-05,,device_not_recording
1709437440000,2024-03-03T03:44:00Z,899-1-1-05,,device_not_recording
1709437500000,2024-03-03T03:45:00Z,899-1-1-05,,device_not_recording
1709437560000,2024-03-03T03:46:00Z,899-1-1-05,,device_not_recording
1709437620000,2024-03-03T03:47:00Z,899-1-1-05,,device_not_recording
1709437680000,2024-03-03T03:48:00Z,899-1-1-05,,device_not_recording
1709437740000,2024-03-03T03:49:00Z,899-1-1-05,,device_not_recording
1709437800000,2024-03-03T03:50:00Z,899-1-1-05,,device_not_recording
1709437860000,2024-03-03T03:51:00Z,899-1-1-05,,device_not_recording
1709437920000,2024-03-03T03:52:00Z,899-1-1-05,,device_not_recording
1709437980000,2024-03-03T03:53:00Z,899-1-1-05,,device_not_recording
1709438040000,2024-03-03T03:54:00Z,899-1-1-05,,device_not_recording
1709438100000,2024-03-03T03:55:00Z,899-1-1-05,,device_not_recording
1709438160000,2024-03-03T03:56:00Z,899-1-1-05,,device_not_recording
1709438220000,2024-03-03T03:57:00Z,899-1-1-05,,device_not_recording
1709438280000,2024-03-03T03:58:00Z,899-1-1-05,,device_not_recording
1709438340000,2024-03-03T03:59:00Z,899-1-1-05,,device_not_recording
1709438400000,2024-03-03T04:00:00Z,899-1-1-05,,device_not_recording
1709438460000,2024-03-03T04:01:00Z,899-1-1-05,,device_not_recording
1709438520000,2024-03-03T04:02:00Z,899-1-1-05,,device_not_recording
1709438580000,2024-03-03T04:03:00Z,899-1-1-05,,device_not_recording
1709438640000,2024-03-03T04:04:00Z,899-1-1-05,,device_not_recording
1709438700000,2024-03-03T04:05:00Z,899-1-1-05,,device_not_recording
1709438760000,2024-03-03T04:06:00Z,899-1-1-05,,device_not_recording
1709438820000,2024-03-03T04:07:00Z,899-1-1-05,,device_not_recording
1709438880000,2024-03-03T04:08:00Z,899-1-1-05,,device_not_recording
1709438940000,2024-03-03T04:09:00Z,899-1-1-05,,device_not_recording
1709439000000,2024-03-03T04:10:00Z,899-1-1-05,,device_not_recording
1709439060000,2024-03-03T04:11:00Z,899-1-1-05,,device_not_recording
1709439120000,2024-03-03T04:12:00Z,899-1-1-05,,device_not_recording
1709439180000,2024-03-03T04:13:00Z,899-1-1-05,,device_not_recording
1709439240000,2024-03-03T04:14:00Z,899-1-1-05,,device_not_recording
1709439300000,2024-03-03T04:15:00Z,899-1-1-05,,device_not_recording
1709439360000,2024-03-03T04:16:00Z,899-1-1-05,,device_not_recording
1709439420000,2024-03-03T04:17:00Z,899-1-1-05,,device_not_recording
1709439480000,2024-03-03T04:18:00Z,899-1-1-05,,device_not_recording
1709439540000,2024-03-03T04:19:00Z,899-1-1-05,,device_not_recording
1709439600000,2024-03-03T04:20:00Z,899-1-1-05,,device_not_recording
1709439660000,2024-03-03T04:21:00Z,899-1-1-05,,device_not_recording
1709439720000,2024-03-03T04:22:00Z,899-1-1-05,,device_not_recording
1709439780000,2024-03-03T04:23:00Z,899-1-1-05,,device_not_recording
1709439840000,2024-03-03T04:24:00Z,899-1-1-05,,device_not_recording
1709439900000,2024-03-03T04:25:00Z,899-1-1-05,,device_not_recording
1709439960000,2024-03-03T04:26:00Z,899-1-1-05,,device_not_recording
1709440020000,2024-03-03T04:27:00Z,899-1-1-05,,device_not_recording
1709440080000,2024-03-03T04:28:00Z,899-1-1-05,,device_not_recording
1709440140000,2024-03-03T04:29:00Z,899-1-1-05,,device_not_recording
1709440200000,2024-03-03T04:30:00Z,899-1-1-05,,device_not_recording
1709440260000,2024-03-03T04:31:00Z,899-1-1-05,,device_not_recording
1709440320000,2024-03-03T04:32:00Z,899-1-1-05,,device_not_recording
1709440380000,2024-03-03T04:33:00Z,899-1-1-05,,device_not_recording
1709440440000,2024-03-03T04:34:00Z,899-1-1-05,,device_not_recording
1709440500000,2024-03-03T04:35:00Z,899-1-1-05,,device_not_recording
1709440560000,2024-03-03T04:36:00Z,899-1-1-05,,device_not_recording
1709440620000,2024-03-03T04:37:00Z,899-1-1-05,,device_not_recording
1709440680000,2024-03-03T04:38:00Z,899-1-1-05,,device_not_recording
1709440740000,2024-03-03T04:39:00Z,899-1-1-05,,device_not_recording
1709440800000,2024-03-03T04:40:00Z,899-1-1-05,,device_not_recording
1709440860000,2024-03-03T04:41:00Z,899-1-1-05,,device_not_recording
1709440920000,2024-03-03T04:42:00Z,899-1-1-05,,device_not_recording
1709440980000,2024-03-03T04:43:00Z,899-1-1-05,,device_not_recording
1709441040000,2024-03-03T04:44:00Z,899-1-1-05,,device_not_recording
1709441100000,2024-03-03T04:45:00Z,899-1-1-05,,device_not_recording
1709441160000,2024-03-03T04:46:00Z,899-1-1-05,,device_not_recording
1709441220000,2024-03-03T04:47:00Z,899-1-1-05,,device_not_recording
1709441280000,2024-03-03T04:48:00Z,899-1-1-05,,device_not_recording
1709441340000,2024-03-03T04:49:00Z,899-1-1-05,,device_not_recording
1709441400000,2024-03-03T04:50:00Z,899-1-1-05,,device_not_recording
1709441460000,2024-03-03T04:51:00Z,899-1-1-05,,device_not_recording
1709441520000,2024-03-03T04:52:00Z,899-1-1-05,,device_not_recording
1709441580000,2024-03-03T04:53:00Z,899-1-1-05,,device_not_recording
1709441640000,2024-03-03T04:54:00Z,899-1-1-05,,device_not_recording
1709441700000,2024-03-03T04:55:00Z,899-1-1-05,,device_not_recording
1709441760000,2024-03-03T04:56:00Z,899-1-1-05,,device_not_recording
1709441820000,2024-03-03T04:57:00Z,899-1-1-05,,device_not_recording
1709441880000,2024-03-03T04:58:00Z,899-1-1-05,,device_not_recording
1709441940000,2024-03-03T04:59:00Z,899-1-1-05,,device_not_recording
1709442000000,2024-03-03T05:00:00Z,899-1-1-05,,device_not_recording
1709442060000,2024-03-03T05:01:00Z,899-1-1-05,,device_not_recording
1709442120000,2024-03-03T05:02:00Z,899-1-1-05,,device_not_recording
1709442180000,2024-03-03T05:03:00Z,899-1-1-05,,device_not_recording
1709442240000,2024-03-03T05:04:00Z,899-1-1-05,,device_not_recording
1709442300000,2024-03-03T05:05:00Z,899-1-1-05,,device_not_recording
1709442360000,2024-03-03T05:06:00Z,899-1-1-05,,device_not_recording
1709442420000,2024-03-03T05:07:00Z,899-1-1-05,,device_not_recording
1709442480000,2024-03-03T05:08:00Z,899-1-1-05,,device_not_recording
1709442540000,2024-03-03T05:09:00Z,899-1-1-05,,device_not_recording
1709442600000,2024-03-03T05:10:00Z,899-1-1-05,,device_not_recording
1709442660000,2024-03-03T05:11:00Z,899-1-1-05,,device_not_recording
1709442720000,2024-03-03T05:12:00Z,899-1-1-05,,device_not_recording
1709442780000,2024-03-03T05:13:00Z,899-1-1-05,,device_not_recording
1709442840000,2024-03-03T05:14:00Z,899-1-1-05,,device_not_recording
1709442900000,2024-03-03T05:15:00Z,899-1-1-05,,device_not_recording
1709442960000,2024-03-03T05:16:00Z,899-1-1-05,,device_not_recording
1709443020000,2024-03-03T05:17:00Z,899-1-1-05,,device_not_recording
1709443080000,2024-03-03T05:18:00Z,899-1-1-05,,device_not_recording
1709443140000,2024-03-03T05:19:00Z,899-1-1-05,,device_not_recording
1709443200000,2024-03-03T05:20:00Z,899-1-1-05,,device_not_recording
1709443260000,2024-03-03T05:21:00Z,899-1-1-05,,device_not_recording
1709443320000,2024-03-03T05:22:00Z,899-1-1-05,,device_not_recording
1709443380000,2024-03-03T05:23:00Z,899-1-1-05,,device_not_recording
1709443440000,2024-03-03T05:24:00Z,899-1-1-05,,device_not_recording
1709443500000,2024-03-03T05:25:00Z,899-1-1-05,,device_not_recording
1709443560000,2024-03-03T05:26:00Z,899-1-1-05,,device_not_recording
1709443620000,2024-03-03T05:27:00Z,899-1-1-05,,device_not_recording
1709443680000,2024-03-03T05:28:00Z,899-1-1-05,,device_not_recording
1709443740000,2024-03-03T05:29:00Z,899-1-1-05,,device_not_recording
1709443800000,2024-03-03T05:30:00Z,899-1-1-05,,device_not_recording
1709443860000,2024-03-03T05:31:00Z,899-1-1-05,,device_not_recording
1709443920000,2024-03-03T05:32:00Z,899-1-1-05,,device_not_recording
1709443980000,2024-03-03T05:33:00Z,899-1-1-05,,device_not_recording
1709444040000,2024-03-03T05:34:00Z,899-1-1-05,,device_not_recording
1709444100000,2024-03-03T05:35:00Z,899-1-1-05,,device_not_recording
1709444160000,2024-03-03T05:36:00Z,899-1-1-05,,device_not_recording
1709444220000,2024-03-03T05:37:00Z,899-1-1-05,,device_not_recording
1709444280000,2024-03-03T05:38:00Z,899-1-1-05,,device_not_recording
1709444340000,2024-03-03T05:39:00Z,899-1-1-05,,device_not_recording
1709444400000,2024-03-03T05:40:00Z,899-1-1-05,,device_not_recording
1709444460000,2024-03-03T05:41:00Z,899-1-1-05,,device_not_recording
1709444520000,2024-03-03T05:42:00Z,899-1-1-05,,device_not_recording
1709444580000,2024-03-03T05:43:00Z,899-1-1-05,,device_not_recording
1709444640000,2024-03-03T05:44:00Z,899-1-1-05,,device_not_recording
1709444700000,2024-03-03T05:45:00Z,899-1-1-05,,device_not_recording
1709444760000,2024-03-03T05:46:00Z,899-1-1-05,,device_not_recording
1709444820000,2024-03-03T05:47:00Z,899-1-1-05,,device_not_recording
1709444880000,2024-03-03T05:48:00Z,899-1-1-05,,device_not_recording
1709444940000,2024-03-03T05:49:00Z,899-1-1-05,,device_not_recording
1709445000000,2024-03-03T05:50:00Z,899-1-1-05,,device_not_recording
1709445060000,2024-03-03T05:51:00Z,899-1-1-05,,device_not_recording
1709445120000,2024-03-03T05:52:00Z,899-1-1-05,,device_not_recording
1709445180000,2024-03-03T05:53:00Z,899-1-1-05,,device_not_recording
1709445240000,2024-03-03T05:54:00Z,899-1-1-05,,device_not_recording
1709445300000,2024-03-03T05:55:00Z,899-1-1-05,,device_not_recording
1709445360000,2024-03-03T05:56:00Z,899-1-1-05,,device_not_recording
1709445420000,2024-03-03T05:57:00Z,899-1-1-05,,device_not_recording
1709445480000,2024-03-03T05:58:00Z,899-1-1-05,,device_not_recording
1709445540000,2024-03-03T05:59:00Z,899-1-1-05,,device_not_recording
1709445600000,2024-03-03T06:00:00Z,899-1-1-05,,device_not_recording
1709445660000,2024-03-03T06:01:00Z,899-1-1-05,,device_not_recording
1709445720000,2024-03-03T06:02:00Z,899-1-1-05,,device_not_recording
1709445780000,2024-03-03T06:03:00Z,899-1-1-05,,device_not_recording
1709445840000,2024-03-03T06:04:00Z,899-1-1-05,,device_not_recording
1709445900000,2024-03-03T06:05:00Z,899-1-1-05,,device_not_recording
1709445960000,2024-03-03T06:06:00Z,899-1-1-05,,device_not_recording
1709446020000,2024-03-03T06:07:00Z,899-1-1-05,,device_not_recording
1709446080000,2024-03-03T06:08:00Z,899-1-1-05,,device_not_recording
1709446140000,2024-03-03T06:09:00Z,899-1-1-05,,device_not_recording
1709446200000,2024-03-03T06:10:00Z,899-1-1-05,,device_not_recording
1709446260000,2024-03-03T06:11:00Z,899-1-1-05,,device_not_recording
1709446320000,2024-03-03T06:12:00Z,899-1-1-05,,device_not_recording
1709446380000,2024-03-03T06:13:00Z,899-1-1-05,,device_not_recording
1709446440000,2024-03-03T06:14:00Z,899-1-1-05,,device_not_recording
1709446500000,2024-03-03T06:15:00Z,899-1-1-05,,device_not_recording
1709446560000,2024-03-03T06:16:00Z,899-1-1-05,,device_not_recording
1709446620000,2024-03-03T06:17:00Z,899-1-1-05,,device_not_recording
1709446680000,2024-03-03T06:18:00Z,899-1-1-05,,device_not_recording
1709446740000,2024-03-03T06:19:00Z,899-1-1-05,,device_not_recording
1709446800000,2024-03-03T06:20:00Z,899-1-1-05,,device_not_recording
1709446860000,2024-03-03T06:21:00Z,899-1-1-05,,device_not_recording
1709446920000,2024-03-03T06:22:00Z,899-1-1-05,,device_not_recording
1709446980000,2024-03-03T06:23:00Z,899-1-1-05,,device_not_recording
1709447040000,2024-03-03T06:24:00Z,899-1-1-05,,device_not_recording
1709447100000,2024-03-03T06:25:00Z,899-1-1-05,,device_not_recording
1709447160000,2024-03-03T06:26:00Z,899-1-1-05,,device_not_recording
1709447220000,2024-03-03T06:27:00Z,899-1-1-05,,device_not_recording
1709447280000,2024-03-03T06:28:00Z,899-1-1-05,,device_not_recording
1709447340000,2024-03-03T06:29:00Z,899-1-1-05,,device_not_recording
1709447400000,2024-03-03T06:30:00Z,899-1-1-05,,device_not_recording
1709447460000,2024-03-03T06:31:00Z,899-1-1-05,,device_not_recording
1709447520000,2024-03-03T06:32:00Z,899-1-1-05,,device_not_recording
1709447580000,2024-03-03T06:33:00Z,899-1-1-05,,device_not_recording
1709447640000,2024-03-03T06:34:00Z,899-1-1-05,,device_not_recording
1709447700000,2024-03-03T06:35:00Z,899-1-1-05,,device_not_recording
1709447760000,2024-03-03T06:36:00Z,899-1-1-05,,device_not_recording
1709447820000,2024-03-03T06:37:00Z,899-1-1-05,,device_not_recording
1709447880000,2024-03-03T06:38:00Z,899-1-1-05,,device_not_recording
1709447940000,2024-03-03T06:39:00Z,899-1-1-05,,device_not_recording
1709448000000,2024-03-03T06:40:00Z,899-1-1-05,,device_not_recording
1709448060000,2024-03-03T06:41:00Z,899-1-1-05,,device_not_recording
1709448120000,2024-03-03T06:42:00Z,899-1-1-05,,device_not_recording
1709448180000,2024-03-03T06:43:00Z,899-1-1-05,,device_not_recording
1709448240000,2024-03-03T06:44:00Z,899-1-1-05,,device_not_recording
1709448300000,2024-03-03T06:45:00Z,899-1-1-05,,device_not_recording
1709448360000,2024-03-03T06:46:00Z,899-1-1-05,,device_not_recording
1709448420000,2024-03-03T06:47:00Z,899-1-1-05,,device_not_recording
1709448480000,2024-03-03T06:48:00Z,899-1-1-05,,device_not_recording
1709448540000,2024-03-03T06:49:00Z,899-1-1-05,,device_not_recording
1709448600000,2024-03-03T06:50:00Z,899-1-1-05,,device_not_recording
1709448660000,2024-03-03T06:51:00Z,899-1-1-05,,device_not_recording
1709448720000,2024-03-03T06:52:00Z,899-1-1-05,,device_not_recording
1709448780000,2024-03-03T06:53:00Z,899-1-1-05,,device_not_recording
1709448840000,2024-03-03T06:54:00Z,899-1-1-05,,device_not_recording
1709448900000,2024-03-03T06:55:00Z,899-1-1-05,,device_not_recording
1709448960000,2024-03-03T06:56:00Z,899-1-1-05,,device_not_recording
1709449020000,2024-03-03T06:57:00Z,899-1-1-05,,device_not_recording
1709449080000,2024-03-03T06:58:00Z,899-1-1-05,,device_not_recording
1709449140000,2024-03-03T06:59:00Z,899-1-1-05,,device_not_recording
1709449200000,2024-03-03T07:00:00Z,899-1-1-05,,device_not_recording
1709449260000,2024-03-03T07:01:00Z,899-1-1-05,,device_not_recording
1709449320000,2024-03-03T07:02:00Z,899-1-1-05,,device_not_recording
1709449380000,2024-03-03T07:03:00Z,899-1-1-05,,device_not_recording
1709449440000,2024-03-03T07:04:00Z,899-1-1-05,,device_not_recording
1709449500000,2024-03-03T07:05:00Z,899-1-1-05,,device_not_recording
1709449560000,2024-03-03T07:06:00Z,899-1-1-05,,device_not_recording
1709449620000,2024-03-03T07:07:00Z,899-1-1-05,,device_not_recording
1709449680000,2024-03-03T07:08:00Z,899-1-1-05,,device_not_recording
1709449740000,2024-03-03T07:09:00Z,899-1-1-05,,device_not_recording
1709449800000,2024-03-03T07:10:00Z,899-1-1-05,,device_not_recording
1709449860000,2024-03-03T07:11:00Z,899-1-1-05,,device_not_recording
1709449920000,2024-03-03T07:12:00Z,899-1-1-05,,device_not_recording
1709449980000,2024-03-03T07:13:00Z,899-1-1-05,,device_not_recording
1709450040000,2024-03-03T07:14:00Z,899-1-1-05,,device_not_recording
1709450100000,2024-03-03T07:15:00Z,899-1-1-05,,device_not_recording
1709450160000,2024-03-03T07:16:00Z,899-1-1-05,,device_not_recording
1709450220000,2024-03-03T07:17:00Z,899-1-1-05,,device_not_recording
1709450280000,2024-03-03T07:18:00Z,899-1-1-05,,device_not_recording
1709450340000,2024-03-03T07:19:00Z,899-1-1-05,,device_not_recording
1709450400000,2024-03-03T07:20:00Z,899-1-1-05,,device_not_recording
1709450460000,2024-03-03T07:21:00Z,899-1-1-05,,device_not_recording
1709450520000,2024-03-03T07:22:00Z,899-1-1-05,,device_not_recording
1709450580000,2024-03-03T07:23:00Z,899-1-1-05,,device_not_recording
1709450640000,2024-03-03T07:24:00Z,899-1-1-05,,device_not_recording
1709450700000,2024-03-03T07:25:00Z,899-1-1-05,,device_not_recording
1709450760000,2024-03-03T07:26:00Z,899-1-1-05,,device_not_recording
1709450820000,2024-03-03T07:27:00Z,899-1-1-05,,device_not_recording
1709450880000,2024-03-03T07:28:00Z,899-1-1-05,,device_not_recording
1709450940000,2024-03-03T07:29:00Z,899-1-1-05,,device_not_recording
1709451000000,2024-03-03T07:30:00Z,899-1-1-05,,device_not_recording
1709451060000,2024-03-03T07:31:00Z,899-1-1-05,,device_not_recording
1709451120000,2024-03-03T07:32:00Z,899-1-1-05,,device_not_recording
1709451180000,2024-03-03T07:33:00Z,899-1-1-05,,device_not_recording
1709451240000,2024-03-03T07:34:00Z,899-1-1-05,,device_not_recording
1709451300000,2024-03-03T07:35:00Z,899-1-1-05,,device_not_recording
1709451360000,2024-03-03T07:36:00Z,899-1-1-05,,device_not_recording
1709451420000,2024-03-03T07:37:00Z,899-1-1-05,,device_not_recording
1709451480000,2024-03-03T07:38:00Z,899-1-1-05,,device_not_recording
1709451540000,2024-03-03T07:39:00Z,899-1-1-05,,device_not_recording
1709451600000,2024-03-03T07:40:00Z,899-1-1-05,,device_not_recording
1709451660000,2024-03-03T07:41:00Z,899-1-1-05,,device_not_recording
1709451720000,2024-03-03T07:42:00Z,899-1-1-05,,device_not_recording
1709451780000,2024-03-03T07:43:00Z,899-1-1-05,,device_not_recording
1709451840000,2024-03-03T07:44:00Z,899-1-1-05,,device_not_recording
1709451900000,2024-03-03T07:45:00Z,899-1-1-05,,device_not_recording
1709451960000,2024-03-03T07:46:00Z,899-1-1-05,,device_not_recording
1709452020000,2024-03-03T07:47:00Z,899-1-1-05,,device_not_recording
1709452080000,2024-03-03T07:48:00Z,899-1-1-05,,device_not_recording
1709452140000,2024-03-03T07:49:00Z,899-1-1-05,,device_not_recording
1709452200000,2024-03-03T07:50:00Z,899-1-1-05,,device_not_recording
1709452260000,2024-03-03T07:51:00Z,899-1-1-05,,device_not_recording
1709452320000,2024-03-03T07:52:00Z,899-1-1-05,,device_not_recording
1709452380000,2024-03-03T07:53:00Z,899-1-1-05,,device_not_recording
1709452440000,2024-03-03T07:54:00Z,899-1-1-05,,device_not_recording
1709452500000,2024-03-03T07:55:00Z,899-1-1-05,,device_not_recording
1709452560000,2024-03-03T07:56:00Z,899-1-1-05,,device_not_recording
1709452620000,2024-03-03T07:57:00Z,899-1-1-05,,device_not_recording
1709452680000,2024-03-03T07:58:00Z,899-1-1-05,,device_not_recording
1709452740000,2024-03-03T07:59:00Z,899-1-1-05,,device_not_recording
1709452800000,2024-03-03T08:00:00Z,899-1-1-05,,device_not_recording
1709452860000,2024-03-03T08:01:00Z,899-1-1-05,,device_not_recording
1709452920000,2024-03-03T08:02:00Z,899-1-1-05,,device_not_recording
1709452980000,2024-03-03T08:03:00Z,899-1-1-05,,device_not_recording
1709453040000,2024-03-03T08:04:00Z,899-1-1-05,,device_not_recording
1709453100000,2024-03-03T08:05:00Z,899-1-1-05,,device_not_recording
1709453160000,2024-03-03T08:06:00Z,899-1-1-05,,device_not_recording
1709453220000,2024-03-03T08:07:00Z,899-1-1-05,,device_not_recording
1709453280000,2024-03-03T08:08:00Z,899-1-1-05,,device_not_recording
1709453340000,2024-03-03T08:09:00Z,899-1-1-05,,device_not_recording
1709453400000,2024-03-03T08:10:00Z,899-1-1-05,,device_not_recording
1709453460000,2024-03-03T08:11:00Z,899-1-1-05,,device_not_recording
1709453520000,2024-03-03T08:12:00Z,899-1-1-05,,device_not_recording
1709453580000,2024-03-03T08:13:00Z,899-1-1-05,,device_not_recording
1709453640000,2024-03-03T08:14:00Z,899-1-1-05,,device_not_recording
1709453700000,2024-03-03T08:15:00Z,899-1-1-05,,device_not_recording
1709453760000,2024-03-03T08:16:00Z,899-1-1-05,,device_not_recording
1709453820000,2024-03-03T08:17:00Z,899-1-1-05,,device_not_recording
1709453880000,2024-03-03T08:18:00Z,899-1-1-05,,device_not_recording
1709453940000,2024-03-03T08:19:00Z,899-1-1-05,,device_not_recording
1709454000000,2024-03-03T08:20:00Z,899-1-1-05,,device_not_recording
1709454060000,2024-03-03T08:21:00Z,899-1-1-05,,device_not_recording
1709454120000,2024-03-03T08:22:00Z,899-1-1-05,,device_not_recording
1709454180000,2024-03-03T08:23:00Z,899-1-1-05,,device_not_recording
1709454240000,2024-03-03T08:24:00Z,899-1-1-05,,device_not_recording
1709454300000,2024-03-03T08:25:00Z,899-1-1-05,,device_not_recording
1709454360000,2024-03-03T08:26:00Z,899-1-1-05,,device_not_recording
1709454420000,2024-03-03T08:27:00Z,899-1-1-05,,device_not_recording
1709454480000,2024-03-03T08:28:00Z,899-1-1-05,,device_not_recording
1709454540000,2024-03-03T08:29:00Z,899-1-1-05,,device_not_recording
1709454600000,2024-03-03T08:30:00Z,899-1-1-05,,device_not_recording
1709454660000,2024-03-03T08:31:00Z,899-1-1-05,,device_not_recording
1709454720000,2024-03-03T08:32:00Z,899-1-1-05,,device_not_recording
1709454780000,2024-03-03T08:33:00Z,899-1-1-05,,device_not_recording
1709454840000,2024-03-03T08:34:00Z,899-1-1-05,,device_not_recording
1709454900000,2024-03-03T08:35:00Z,899-1-1-05,,device_not_recording
1709454960000,2024-03-03T08:36:00Z,899-1-1-05,,device_not_recording
1709455020000,2024-03-03T08:37:00Z,899-1-1-05,,device_not_recording
1709455080000,2024-03-03T08:38:00Z,899-1-1-05,,device_not_recording
1709455140000,2024-03-03T08:39:00Z,899-1-1-05,,device_not_recording
1709455200000,2024-03-03T08:40:00Z,899-1-1-05,,device_not_recording
1709455260000,2024-03-03T08:41:00Z,899-1-1-05,,device_not_recording
1709455320000,2024-03-03T08:42:00Z,899-1-1-05,,device_not_recording
1709455380000,2024-03-03T08:43:00Z,899-1-1-05,,device_not_recording
1709455440000,2024-03-03T08:44:00Z,899-1-1-05,,device_not_recording
1709455500000,2024-03-03T08:45:00Z,899-1-1-05,,device_not_recording
1709455560000,2024-03-03T08:46:00Z,899-1-1-05,,device_not_recording
1709455620000,2024-03-03T08:47:00Z,899-1-1-05,,device_not_recording
1709455680000,2024-03-03T08:48:00Z,899-1-1-05,,device_not_recording
1709455740000,2024-03-03T08:49:00Z,899-1-1-05,,device_not_recording
1709455800000,2024-03-03T08:50:00Z,899-1-1-05,,device_not_recording
1709455860000,2024-03-03T08:51:00Z,899-1-1-05,,device_not_recording
1709455920000,2024-03-03T08:52:00Z,899-1-1-05,,device_not_recording
1709455980000,2024-03-03T08:53:00Z,899-1-1-05,,device_not_recording
1709456040000,2024-03-03T08:54:00Z,899-1-1-05,,device_not_recording
1709456100000,2024-03-03T08:55:00Z,899-1-1-05,,device_not_recording
1709456160000,2024-03-03T08:56:00Z,899-1-1-05,,device_not_recording
1709456220000,2024-03-03T08:57:00Z,899-1-1-05,,device_not_recording
1709456280000,2024-03-03T08:58:00Z,899-1-1-05,,device_not_recording
1709456340000,2024-03-03T08:59:00Z,899-1-1-05,,device_not_recording
1709456400000,2024-03-03T09:00:00Z,899-1-1-05,,device_not_recording
1709456460000,2024-03-03T09:01:00Z,899-1-1-05,,device_not_recording
1709456520000,2024-03-03T09:02:00Z,899-1-1-05,,device_not_recording
1709456580000,2024-03-03T09:03:00Z,899-1-1-05,,device_not_recording
1709456640000,2024-03-03T09:04:00Z,899-1-1-05,,device_not_recording
1709456700000,2024-03-03T09:05:00Z,899-1-1-05,,device_not_recording
1709456760000,2024-03-03T09:06:00Z,899-1-1-05,,device_not_recording
1709456820000,2024-03-03T09:07:00Z,899-1-1-05,,device_not_recording
1709456880000,2024-03-03T09:08:00Z,899-1-1-05,,device_not_recording
1709456940000,2024-03-03T09:09:00Z,899-1-1-05,,device_not_recording
1709457000000,2024-03-03T09:10:00Z,899-1-1-05,,device_not_recording
1709457060000,2024-03-03T09:11:00Z,899-1-1-05,,device_not_recording
1709457120000,2024-03-03T09:12:00Z,899-1-1-05,,device_not_recording
1709457180000,2024-03-03T09:13:00Z,899-1-1-05,,device_not_recording
1709457240000,2024-03-03T09:14:00Z,899-1-1-05,,device_not_recording
1709457300000,2024-03-03T09:15:00Z,899-1-1-05,,device_not_recording
1709457360000,2024-03-03T09:16:00Z,899-1-1-05,,device_not_recording
1709457420000,2024-03-03T09:17:00Z,899-1-1-05,,device_not_recording
1709457480000,2024-03-03T09:18:00Z,899-1-1-05,,device_not_recording
1709457540000,2024-03-03T09:19:00Z,899-1-1-05,,device_not_recording
1709457600000,2024-03-03T09:20:00Z,899-1-1-05,,device_not_recording
1709457660000,2024-03-03T09:21:00Z,899-1-1-05,,device_not_recording
1709457720000,2024-03-03T09:22:00Z,899-1-1-05,,device_not_recording
1709457780000,2024-03-03T09:23:00Z,899-1-1-05,,device_not_recording
1709457840000,2024-03-03T09:24:00Z,899-1-1-05,,device_not_recording
1709457900000,2024-03-03T09:25:00Z,899-1-1-05,,device_not_recording
1709457960000,2024-03-03T09:26:00Z,899-1-1-05,,device_not_recording
1709458020000,2024-03-03T09:27:00Z,899-1-1-05,,device_not_recording
1709458080000,2024-03-03T09:28:00Z,899-1-1-05,,device_not_recording
1709458140000,2024-03-03T09:29:00Z,899-1-1-05,,device_not_recording
1709458200000,2024-03-03T09:30:00Z,899-1-1-05,,device_not_recording
1709458260000,2024-03-03T09:31:00Z,899-1-1-05,,device_not_recording
1709458320000,2024-03-03T09:32:00Z,899-1-1-05,,device_not_recording
1709458380000,2024-03-03T09:33:00Z,899-1-1-05,,device_not_recording
1709458440000,2024-03-03T09:34:00Z,899-1-1-05,,device_not_recording
1709458500000,2024-03-03T09:35:00Z,899-1-1-05,,device_not_recording
1709458560000,2024-03-03T09:36:00Z,899-1-1-05,,device_not_recording
1709458620000,2024-03-03T09:37:00Z,899-1-1-05,,device_not_recording
1709458680000,2024-03-03T09:38:00Z,899-1-1-05,,device_not_recording
1709458740000,2024-03-03T09:39:00Z,899-1-1-05,,device_not_recording
1709458800000,2024-03-03T09:40:00Z,899-1-1-05,,device_not_recording
1709458860000,2024-03-03T09:41:00Z,899-1-1-05,,device_not_recording
1709458920000,2024-03-03T09:42:00Z,899-1-1-05,,device_not_recording
1709458980000,2024-03-03T09:43:00Z,899-1-1-05,,device_not_recording
1709459040000,2024-03-03T09:44:00Z,899-1-1-05,,device_not_recording
1709459100000,2024-03-03T09:45:00Z,899-1-1-05,,device_not_recording
1709459160000,2024-03-03T09:46:00Z,899-1-1-05,,device_not_recording
1709459220000,2024-03-03T09:47:00Z,899-1-1-05,,device_not_recording
1709459280000,2024-03-03T09:48:00Z,899-1-1-05,,device_not_recording
1709459340000,2024-03-03T09:49:00Z,899-1-1-05,,device_not_recording
1709459400000,2024-03-03T09:50:00Z,899-1-1-05,,device_not_recording
1709459460000,2024-03-03T09:51:00Z,899-1-1-05,,device_not_recording
1709459520000,2024-03-03T09:52:00Z,899-1-1-05,,device_not_recording
1709459580000,2024-03-03T09:53:00Z,899-1-1-05,,device_not_recording
1709459640000,2024-03-03T09:54:00Z,899-1-1-05,,device_not_recording
1709459700000,2024-03-03T09:55:00Z,899-1-1-05,,device_not_recording
1709459760000,2024-03-03T09:56:00Z,899-1-1-05,,device_not_recording
1709459820000,2024-03-03T09:57:00Z,899-1-1-05,,device_not_recording
1709459880000,2024-03-03T09:58:00Z,899-1-1-05,,device_not_recording
1709459940000,2024-03-03T09:59:00Z,899-1-1-05,,device_not_recording
1709460000000,2024-03-03T10:00:00Z,899-1-1-05,,device_not_recording
1709460060000,2024-03-03T10:01:00Z,899-1-1-05,,device_not_recording
1709460120000,2024-03-03T10:02:00Z,899-1-1-05,,device_not_recording
1709460180000,2024-03-03T10:03:00Z,899-1-1-05,,device_not_recording
1709460240000,2024-03-03T10:04:00Z,899-1-1-05,,device_not_recording
1709460300000,2024-03-03T10:05:00Z,899-1-1-05,,device_not_recording
1709460360000,2024-03-03T10:06:00Z,899-1-1-05,,device_not_recording
1709460420000,2024-03-03T10:07:00Z,899-1-1-05,,device_not_recording
1709460480000,2024-03-03T10:08:00Z,899-1-1-05,,device_not_recording
1709460540000,2024-03-03T10:09:00Z,899-1-1-05,,device_not_recording
1709460600000,2024-03-03T10:10:00Z,899-1-1-05,,device_not_recording
1709460660000,2024-03-03T10:11:00Z,899-1-1-05,,device_not_recording
1709460720000,2024-03-03T10:12:00Z,899-1-1-05,,device_not_recording
1709460780000,2024-03-03T10:13:00Z,899-1-1-05,,device_not_recording
1709460840000,2024-03-03T10:14:00Z,899-1-1-05,,device_not_recording
1709460900000,2024-03-03T10:15:00Z,899-1-1-05,,device_not_recording
1709460960000,2024-03-03T10:16:00Z,899-1-1-05,,device_not_recording
1709461020000,2024-03-03T10:17:00Z,899-1-1-05,,device_not_recording
1709461080000,2024-03-03T10:18:00Z,899-1-1-05,,device_not_recording
1709461140000,2024-03-03T10:19:00Z,899-1-1-05,,device_not_recording
1709461200000,2024-03-03T10:20:00Z,899-1-1-05,,device_not_recording
1709461260000,2024-03-03T10:21:00Z,899-1-1-05,,device_not_recording
1709461320000,2024-03-03T10:22:00Z,899-1-1-05,,device_not_recording
1709461380000,2024-03-03T10:23:00Z,899-1-1-05,,device_not_recording
1709461440000,2024-03-03T10:24:00Z,899-1-1-05,,device_not_recording
1709461500000,2024-03-03T10:25:00Z,899-1-1-05,,device_not_recording
1709461560000,2024-03-03T10:26:00Z,899-1-1-05,,device_not_recording
1709461620000,2024-03-03T10:27:00Z,899-1-1-05,,device_not_recording
1709461680000,2024-03-03T10:28:00Z,899-1-1-05,,device_not_recording
1709461740000,2024-03-03T10:29:00Z,899-1-1-05,,device_not_recording
1709461800000,2024-03-03T10:30:00Z,899-1-1-05,,device_not_recording
1709461860000,2024-03-03T10:31:00Z,899-1-1-05,,device_not_recording
1709461920000,2024-03-03T10:32:00Z,899-1-1-05,,device_not_recording
1709461980000,2024-03-03T10:33:00Z,899-1-1-05,,device_not_recording
1709462040000,2024-03-03T10:34:00Z,899-1-1-05,,device_not_recording
1709462100000,2024-03-03T10:35:00Z,899-1-1-05,,device_not_recording
1709462160000,2024-03-03T10:36:00Z,899-1-1-05,,device_not_recording
1709462220000,2024-03-03T10:37:00Z,899-1-1-05,,device_not_recording
1709462280000,2024-03-03T10:38:00Z,899-1-1-05,,device_not_recording
1709462340000,2024-03-03T10:39:00Z,899-1-1-05,,device_not_recording
1709462400000,2024-03-03T10:40:00Z,899-1-1-05,,device_not_recording
1709462460000,2024-03-03T10:41:00Z,899-1-1-05,,device_not_recording
1709462520000,2024-03-03T10:42:00Z,899-1-1-05,,device_not_recording
1709462580000,2024-03-03T10:43:00Z,899-1-1-05,,device_not_recording
1709462640000,2024-03-03T10:44:00Z,899-1-1-05,,device_not_recording
1709462700000,2024-03-03T10:45:00Z,899-1-1-05,,device_not_recording
1709462760000,2024-03-03T10:46:00Z,899-1-1-05,,device_not_recording
1709462820000,2024-03-03T10:47:00Z,899-1-1-05,,device_not_recording
1709462880000,2024-03-03T10:48:00Z,899-1-1-05,,device_not_recording
1709462940000,2024-03-03T10:49:00Z,899-1-1-05,,device_not_recording
1709463000000,2024-03-03T10:50:00Z,899-1-1-05,,device_not_recording
1709463060000,2024-03-03T10:51:00Z,899-1-1-05,,device_not_recording
1709463120000,2024-03-03T10:52:00Z,899-1-1-05,,device_not_recording
1709463180000,2024-03-03T10:53:00Z,899-1-1-05,,device_not_recording
1709463240000,2024-03-03T10:54:00Z,899-1-1-05,,device_not_recording
1709463300000,2024-03-03T10:55:00Z,899-1-1-05,,device_not_recording
1709463360000,2024-03-03T10:56:00Z,899-1-1-05,,device_not_recording
1709463420000,2024-03-03T10:57:00Z,899-1-1-05,,device_not_recording
1709463480000,2024-03-03T10:58:00Z,899-1-1-05,,device_not_recording
1709463540000,2024-03-03T10:59:00Z,899-1-1-05,,device_not_recording
1709463600000,2024-03-03T11:00:00Z,899-1-1-05,,device_not_recording
1709463660000,2024-03-03T11:01:00Z,899-1-1-05,,device_not_recording
1709463720000,2024-03-03T11:02:00Z,899-1-1-05,,device_not_recording
1709463780000,2024-03-03T11:03:00Z,899-1-1-05,,device_not_recording
1709463840000,2024-03-03T11:04:00Z,899-1-1-05,,device_not_recording
1709463900000,2024-03-03T11:05:00Z,899-1-1-05,,device_not_recording
1709463960000,2024-03-03T11:06:00Z,899-1-1-05,,device_not_recording
1709464020000,2024-03-03T11:07:00Z,899-1-1-05,,device_not_recording
1709464080000,2024-03-03T11:08:00Z,899-1-1-05,,device_not_recording
1709464140000,2024-03-03T11:09:00Z,899-1-1-05,,device_not_recording
1709464200000,2024-03-03T11:10:00Z,899-1-1-05,,device_not_recording
1709464260000,2024-03-03T11:11:00Z,899-1-1-05,,device_not_recording
1709464320000,2024-03-03T11:12:00Z,899-1-1-05,,device_not_recording
1709464380000,2024-03-03T11:13:00Z,899-1-1-05,,device_not_recording
1709464440000,2024-03-03T11:14:00Z,899-1-1-05,,device_not_recording
1709464500000,2024-03-03T11:15:00Z,899-1-1-05,,device_not_recording
1709464560000,2024-03-03T11:16:00Z,899-1-1-05,,device_not_recording
1709464620000,2024-03-03T11:17:00Z,899-1-1-05,,device_not_recording
1709464680000,2024-03-03T11:18:00Z,899-1-1-05,,device_not_recording
1709464740000,2024-03-03T11:19:00Z,899-1-1-05,,device_not_recording
1709464800000,2024-03-03T11:20:00Z,899-1-1-05,,device_not_recording
1709464860000,2024-03-03T11:21:00Z,899-1-1-05,,device_not_recording
1709464920000,2024-03-03T11:22:00Z,899-1-1-05,,device_not_recording
1709464980000,2024-03-03T11:23:00Z,899-1-1-05,,device_not_recording
1709465040000,2024-03-03T11:24:00Z,899-1-1-05,,device_not_recording
1709465100000,2024-03-03T11:25:00Z,899-1-1-05,,device_not_recording
1709465160000,2024-03-03T11:26:00Z,899-1-1-05,,device_not_recording
1709465220000,2024-03-03T11:27:00Z,899-1-1-05,,device_not_recording
1709465280000,2024-03-03T11:28:00Z,899-1-1-05,,device_not_recording
1709465340000,2024-03-03T11:29:00Z,899-1-1-05,,device_not_recording
1709465400000,2024-03-03T11:30:00Z,899-1-1-05,,device_not_recording
1709465460000,2024-03-03T11:31:00Z,899-1-1-05,,device_not_recording
1709465520000,2024-03-03T11:32:00Z,899-1-1-05,,device_not_recording
1709465580000,2024-03-03T11:33:00Z,899-1-1-05,,device_not_recording
1709465640000,2024-03-03T11:34:00Z,899-1-1-05,,device_not_recording
1709465700000,2024-03-03T11:35:00Z,899-1-1-05,,device_not_recording
1709465760000,2024-03-03T11:36:00Z,899-1-1-05,,device_not_recording
1709465820000,2024-03-03T11:37:00Z,899-1-1-05,,device_not_recording
1709465880000,2024-03-03T11:38:00Z,899-1-1-05,,device_not_recording
1709465940000,2024-03-03T11:39:00Z,899-1-1-05,,device_not_recording
1709466000000,2024-03-03T11:40:00Z,899-1-1-05,,device_not_recording
1709466060000,2024-03-03T11:41:00Z,899-1-1-05,,device_not_recording
1709466120000,2024-03-03T11:42:00Z,899-1-1-05,,device_not_recording
1709466180000,2024-03-03T11:43:00Z,899-1-1-05,,device_not_recording
1709466240000,2024-03-03T11:44:00Z,899-1-1-05,,device_not_recording
1709466300000,2024-03-03T11:45:00Z,899-1-1-05,,device_not_recording
1709466360000,2024-03-03T11:46:00Z,899-1-1-05,,device_not_recording
1709466420000,2024-03-03T11:47:00Z,899-1-1-05,,device_not_recording
1709466480000,2024-03-03T11:48:00Z,899-1-1-05,,device_not_recording
1709466540000,2024-03-03T11:49:00Z,899-1-1-05,,device_not_recording
1709466600000,2024-03-03T11:50:00Z,899-1-1-05,,device_not_recording
1709466660000,2024-03-03T11:51:00Z,899-1-1-05,,device_not_recording
1709466720000,2024-03-03T11:52:00Z,899-1-1-05,,device_not_recording
1709466780000,2024-03-03T11:53:00Z,899-1-1-05,,device_not_recording
1709466840000,2024-03-03T11:54:00Z,899-1-1-05,,device_not_recording
1709466900000,2024-03-03T11:55:00Z,899-1-1-05,,device_not_recording
1709466960000,2024-03-03T11:56:00Z,899-1-1-05,,device_not_recording
1709467020000,2024-03-03T11:57:00Z,899-1-1-05,,device_not_recording
1709467080000,2024-03-03T11:58:00Z,899-1-1-05,,device_not_recording
1709467140000,2024-03-03T11:59:00Z,899-1-1-05,,device_not_recording
1709467200000,2024-03-03T12:00:00Z,899-1-1-05,,device_not_recording
1709467260000,2024-03-03T12:01:00Z,899-1-1-05,,device_not_recording
1709467320000,2024-03-03T12:02:00Z,899-1-1-05,,device_not_recording
1709467380000,2024-03-03T12:03:00Z,899-1-1-05,,device_not_recording
1709467440000,2024-03-03T12:04:00Z,899-1-1-05,,device_not_recording
1709467500000,2024-03-03T12:05:00Z,899-1-1-05,,device_not_recording
1709467560000,2024-03-03T12:06:00Z,899-1-1-05,,device_not_recording
1709467620000,2024-03-03T12:07:00Z,899-1-1-05,,device_not_recording
1709467680000,2024-03-03T12:08:00Z,899-1-1-05,,device_not_recording
1709467740000,2024-03-03T12:09:00Z,899-1-1-05,,device_not_recording
1709467800000,2024-03-03T12:10:00Z,899-1-1-05,,device_not_recording
1709467860000,2024-03-03T12:11:00Z,899-1-1-05,,device_not_recording
1709467920000,2024-03-03T12:12:00Z,899-1-1-05,,device_not_recording
1709467980000,2024-03-03T12:13:00Z,899-1-1-05,,device_not_recording
1709468040000,2024-03-03T12:14:00Z,899-1-1-05,,device_not_recording
1709468100000,2024-03-03T12:15:00Z,899-1-1-05,,device_not_recording
1709468160000,2024-03-03T12:16:00Z,899-1-1-05,,device_not_recording
1709468220000,2024-03-03T12:17:00Z,899-1-1-05,,device_not_recording
1709468280000,2024-03-03T12:18:00Z,899-1-1-05,,device_not_recording
1709468340000,2024-03-03T12:19:00Z,899-1-1-05,,device_not_recording
1709468400000,2024-03-03T12:20:00Z,899-1-1-05,,device_not_recording
1709468460000,2024-03-03T12:21:00Z,899-1-1-05,,device_not_recording
1709468520000,2024-03-03T12:22:00Z,899-1-1-05,,device_not_recording
1709468580000,2024-03-03T12:23:00Z,899-1-1-05,,device_not_recording
1709468640000,2024-03-03T12:24:00Z,899-1-1-05,,device_not_recording
1709468700000,2024-03-03T12:25:00Z,899-1-1-05,,device_not_recording
1709468760000,2024-03-03T12:26:00Z,899-1-1-05,,device_not_recording
1709468820000,2024-03-03T12:27:00Z,899-1-1-05,,device_not_recording
1709468880000,2024-03-03T12:28:00Z,899-1-1-05,,device_not_recording
1709468940000,2024-03-03T12:29:00Z,899-1-1-05,,device_not_recording
1709469000000,2024-03-03T12:30:00Z,899-1-1-05,,device_not_recording
1709469060000,2024-03-03T12:31:00Z,899-1-1-05,,device_not_recording
1709469120000,2024-03-03T12:32:00Z,899-1-1-05,,device_not_recording
1709469180000,2024-03-03T12:33:00Z,899-1-1-05,,device_not_recording
1709469240000,2024-03-03T12:34:00Z,899-1-1-05,,device_not_recording
1709469300000,2024-03-03T12:35:00Z,899-1-1-05,,device_not_recording
1709469360000,2024-03-03T12:36:00Z,899-1-1-05,,device_not_recording
1709469420000,2024-03-03T12:37:00Z,899-1-1-05,,device_not_recording
1709469480000,2024-03-03T12:38:00Z,899-1-1-05,,device_not_recording
1709469540000,2024-03-03T12:39:00Z,899-1-1-05,,device_not_recording
1709469600000,2024-03-03T12:40:00Z,899-1-1-05,,device_not_recording
1709469660000,2024-03-03T12:41:00Z,899-1-1-05,,device_not_recording
1709469720000,2024-03-03T12:42:00Z,899-1-1-05,,device_not_recording
1709469780000,2024-03-03T12:43:00Z,899-1-1-05,,device_not_recording
1709469840000,2024-03-03T12:44:00Z,899-1-1-05,,device_not_recording
1709469900000,2024-03-03T12:45:00Z,899-1-1-05,,device_not_recording
1709469960000,2024-03-03T12:46:00Z,899-1-1-05,,device_not_recording
1709470020000,2024-03-03T12:47:00Z,899-1-1-05,,device_not_recording
1709470080000,2024-03-03T12:48:00Z,899-1-1-05,,device_not_recording
1709470140000,2024-03-03T12:49:00Z,899-1-1-05,,device_not_recording
1709470200000,2024-03-03T12:50:00Z,899-1-1-05,,device_not_recording
1709470260000,2024-03-03T12:51:00Z,899-1-1-05,,device_not_recording
1709470320000,2024-03-03T12:52:00Z,899-1-1-05,,device_not_recording
1709470380000,2024-03-03T12:53:00Z,899-1-1-05,,device_not_recording
1709470440000,2024-03-03T12:54:00Z,899-1-1-05,,device_not_recording
1709470500000,2024-03-03T12:55:00Z,899-1-1-05,,device_not_recording
1709470560000,2024-03-03T12:56:00Z,899-1-1-05,,device_not_recording
1709470620000,2024-03-03T12:57:00Z,899-1-1-05,,device_not_recording
1709470680000,2024-03-03T12:58:00Z,899-1-1-05,,device_not_recording
1709470740000,2024-03-03T12:59:00Z,899-1-1-05,,device_not_recording
1709470800000,2024-03-03T13:00:00Z,899-1-1-05,,device_not_recording
1709470860000,2024-03-03T13:01:00Z,899-1-1-05,,device_not_recording
1709470920000,2024-03-03T13:02:00Z,899-1-1-05,,device_not_recording
1709470980000,2024-03-03T13:03:00Z,899-1-1-05,,device_not_recording
1709471040000,2024-03-03T13:04:00Z,899-1-1-05,,device_not_recording
1709471100000,2024-03-03T13:05:00Z,899-1-1-05,,device_not_recording
1709471160000,2024-03-03T13:06:00Z,899-1-1-05,,device_not_recording
1709471220000,2024-03-03T13:07:00Z,899-1-1-05,,device_not_recording
1709471280000,2024-03-03T13:08:00Z,899-1-1-05,,device_not_recording
1709471340000,2024-03-03T13:09:00Z,899-1-1-05,,device_not_recording
1709471400000,2024-03-03T13:10:00Z,899-1-1-05,,device_not_recording
1709471460000,2024-03-03T13:11:00Z,899-1-1-05,,device_not_recording
1709471520000,2024-03-03T13:12:00Z,899-1-1-05,,device_not_recording
1709471580000,2024-03-03T13:13:00Z,899-1-1-05,,device_not_recording
1709471640000,2024-03-03T13:14:00Z,899-1-1-05,,device_not_recording
1709471700000,2024-03-03T13:15:00Z,899-1-1-05,,device_not_recording
1709471760000,2024-03-03T13:16:00Z,899-1-1-05,,device_not_recording
1709471820000,2024-03-03T13:17:00Z,899-1-1-05,,device_not_recording
1709471880000,2024-03-03T13:18:00Z,899-1-1-05,,device_not_recording
1709471940000,2024-03-03T13:19:00Z,899-1-1-05,,device_not_recording
1709472000000,2024-03-03T13:20:00Z,899-1-1-05,,device_not_recording
1709472060000,2024-03-03T13:21:00Z,899-1-1-05,,device_not_recording
1709472120000,2024-03-03T13:22:00Z,899-1-1-05,,device_not_recording
1709472180000,2024-03-03T13:23:00Z,899-1-1-05,,device_not_recording
1709472240000,2024-03-03T13:24:00Z,899-1-1-05,,device_not_recording
1709472300000,2024-03-03T13:25:00Z,899-1-1-05,,device_not_recording
1709472360000,2024-03-03T13:26:00Z,899-1-1-05,,device_not_recording
1709472420000,2024-03-03T13:27:00Z,899-1-1-05,,device_not_recording
1709472480000,2024-03-03T13:28:00Z,899-1-1-05,,device_not_recording
1709472540000,2024-03-03T13:29:00Z,899-1-1-05,,device_not_recording
1709472600000,2024-03-03T13:30:00Z,899-1-1-05,,device_not_recording
1709472660000,2024-03-03T13:31:00Z,899-1-1-05,,device_not_recording
1709472720000,2024-03-03T13:32:00Z,899-1-1-05,,device_not_recording
1709472780000,2024-03-03T13:33:00Z,899-1-1-05,,device_not_recording
1709472840000,2024-03-03T13:34:00Z,899-1-1-05,,device_not_recording
1709472900000,2024-03-03T13:35:00Z,899-1-1-05,,device_not_recording
1709472960000,2024-03-03T13:36:00Z,899-1-1-05,,device_not_recording
1709473020000,2024-03-03T13:37:00Z,899-1-1-05,,device_not_recording
1709473080000,2024-03-03T13:38:00Z,899-1-1-05,,device_not_recording
1709473140000,2024-03-03T13:39:00Z,899-1-1-05,,device_not_recording
1709473200000,2024-03-03T13:40:00Z,899-1-1-05,,device_not_recording
1709473260000,2024-03-03T13:41:00Z,899-1-1-05,,device_not_recording
1709473320000,2024-03-03T13:42:00Z,899-1-1-05,,device_not_recording
1709473380000,2024-03-03T13:43:00Z,899-1-1-05,,device_not_recording
1709473440000,2024-03-03T13:44:00Z,899-1-1-05,,device_not_recording
1709473500000,2024-03-03T13:45:00Z,899-1-1-05,,device_not_recording
1709473560000,2024-03-03T13:46:00Z,899-1-1-05,,device_not_recording
1709473620000,2024-03-03T13:47:00Z,899-1-1-05,,device_not_recording
1709473680000,2024-03-03T13:48:00Z,899-1-1-05,,device_not_recording
1709473740000,2024-03-03T13:49:00Z,899-1-1-05,,device_not_recording
1709473800000,2024-03-03T13:50:00Z,899-1-1-05,,device_not_recording
1709473860000,2024-03-03T13:51:00Z,899-1-1-05,,device_not_recording
1709473920000,2024-03-03T13:52:00Z,899-1-1-05,,device_not_recording
1709473980000,2024-03-03T13:53:00Z,899-1-1-05,,device_not_recording
1709474040000,2024-03-03T13:54:00Z,899-1-1-05,,device_not_recording
1709474100000,2024-03-03T13:55:00Z,899-1-1-05,,device_not_recording
1709474160000,2024-03-03T13:56:00Z,899-1-1-05,,device_not_recording
1709474220000,2024-03-03T13:57:00Z,899-1-1-05,,device_not_recording
1709474280000,2024-03-03T13:58:00Z,899-1-1-05,,device_not_recording
1709474340000,2024-03-03T13:59:00Z,899-1-1-05,,device_not_recording
1709474400000,2024-03-03T14:00:00Z,899-1-1-05,,device_not_recording
1709474460000,2024-03-03T14:01:00Z,899-1-1-05,,device_not_recording
1709474520000,2024-03-03T14:02:00Z,899-1-1-05,,device_not_recording
1709474580000,2024-03-03T14:03:00Z,899-1-1-05,,device_not_recording
1709474640000,2024-03-03T14:04:00Z,899-1-1-05,,device_not_recording
1709474700000,2024-03-03T14:05:00Z,899-1-1-05,,device_not_recording
1709474760000,2024-03-03T14:06:00Z,899-1-1-05,,device_not_recording
1709474820000,2024-03-03T14:07:00Z,899-1-1-05,,device_not_recording
1709474880000,2024-03-03T14:08:00Z,899-1-1-05,,device_not_recording
1709474940000,2024-03-03T14:09:00Z,899-1-1-05,,device_not_recording
1709475000000,2024-03-03T14:10:00Z,899-1-1-05,,device_not_recording
1709475060000,2024-03-03T14:11:00Z,899-1-1-05,,device_not_recording
1709475120000,2024-03-03T14:12:00Z,899-1-1-05,,device_not_recording
1709475180000,2024-03-03T14:13:00Z,899-1-1-05,,device_not_recording
1709475240000,2024-03-03T14:14:00Z,899-1-1-05,,device_not_recording
1709475300000,2024-03-03T14:15:00Z,899-1-1-05,,device_not_recording
1709475360000,2024-03-03T14:16:00Z,899-1-1-05,,device_not_recording
1709475420000,2024-03-03T14:17:00Z,899-1-1-05,,device_not_recording
1709475480000,2024-03-03T14:18:00Z,899-1-1-05,,device_not_recording
1709475540000,2024-03-03T14:19:00Z,899-1-1-05,,device_not_recording
1709475600000,2024-03-03T14:20:00Z,899-1-1-05,,device_not_recording
1709475660000,2024-03-03T14:21:00Z,899-1-1-05,,device_not_recording
1709475720000,2024-03-03T14:22:00Z,899-1-1-05,,device_not_recording
1709475780000,2024-03-03T14:23:00Z,899-1-1-05,,device_not_recording
1709475840000,2024-03-03T14:24:00Z,899-1-1-05,,device_not_recording
1709475900000,2024-03-03T14:25:00Z,899-1-1-05,,device_not_recording
1709475960000,2024-03-03T14:26:00Z,899-1-1-05,,device_not_recording
1709476020000,2024-03-03T14:27:00Z,899-1-1-05,,device_not_recording
1709476080000,2024-03-03T14:28:00Z,899-1-1-05,,device_not_recording
1709476140000,2024-03-03T14:29:00Z,899-1-1-05,,device_not_recording
1709476200000,2024-03-03T14:30:00Z,899-1-1-05,,device_not_recording
1709476260000,2024-03-03T14:31:00Z,899-1-1-05,,device_not_recording
1709476320000,2024-03-03T14:32:00Z,899-1-1-05,,device_not_recording
1709476380000,2024-03-03T14:33:00Z,899-1-1-05,,device_not_recording
1709476440000,2024-03-03T14:34:00Z,899-1-1-05,,device_not_recording
1709476500000,2024-03-03T14:35:00Z,899-1-1-05,,device_not_recording
1709476560000,2024-03-03T14:36:00Z,899-1-1-05,,device_not_recording
1709476620000,2024-03-03T14:37:00Z,899-1-1-05,,device_not_recording
1709476680000,2024-03-03T14:38:00Z,899-1-1-05,,device_not_recording
1709476740000,2024-03-03T14:39:00Z,899-1-1-05,,device_not_recording
1709476800000,2024-03-03T14:40:00Z,899-1-1-05,,device_not_recording
1709476860000,2024-03-03T14:41:00Z,899-1-1-05,,device_not_recording
1709476920000,2024-03-03T14:42:00Z,899-1-1-05,,device_not_recording
1709476980000,2024-03-03T14:43:00Z,899-1-1-05,,device_not_recording
1709477040000,2024-03-03T14:44:00Z,899-1-1-05,,device_not_recording
1709477100000,2024-03-03T14:45:00Z,899-1-1-05,,device_not_recording
1709477160000,2024-03-03T14:46:00Z,899-1-1-05,,device_not_recording
1709477220000,2024-03-03T14:47:00Z,899-1-1-05,,device_not_recording
1709477280000,2024-03-03T14:48:00Z,899-1-1-05,,device_not_recording
1709477340000,2024-03-03T14:49:00Z,899-1-1-05,,device_not_recording
1709477400000,2024-03-03T14:50:00Z,899-1-1-05,,device_not_recording
1709477460000,2024-03-03T14:51:00Z,899-1-1-05,,device_not_recording
1709477520000,2024-03-03T14:52:00Z,899-1-1-05,,device_not_recording
1709477580000,2024-03-03T14:53:00Z,899-1-1-05,,device_not_recording
1709477640000,2024-03-03T14:54:00Z,899-1-1-05,,device_not_recording
1709477700000,2024-03-03T14:55:00Z,899-1-1-05,,device_not_recording
1709477760000,2024-03-03T14:56:00Z,899-1-1-05,,device_not_recording
1709477820000,2024-03-03T14:57:00Z,899-1-1-05,,device_not_recording
1709477880000,2024-03-03T14:58:00Z,899-1-1-05,,device_not_recording
1709477940000,2024-03-03T14:59:00Z,899-1-1-05,,device_not_recording
1709478000000,2024-03-03T15:00:00Z,899-1-1-05,,device_not_recording
1709478060000,2024-03-03T15:01:00Z,899-1-1-05,,device_not_recording
1709478120000,2024-03-03T15:02:00Z,899-1-1-05,,device_not_recording
1709478180000,2024-03-03T15:03:00Z,899-1-1-05,,device_not_recording
1709478240000,2024-03-03T15:04:00Z,899-1-1-05,,device_not_recording
1709478300000,2024-03-03T15:05:00Z,899-1-1-05,,device_not_recording
1709478360000,2024-03-03T15:06:00Z,899-1-1-05,,device_not_recording
1709478420000,2024-03-03T15:07:00Z,899-1-1-05,,device_not_recording
1709478480000,2024-03-03T15:08:00Z,899-1-1-05,,device_not_recording
1709478540000,2024-03-03T15:09:00Z,899-1-1-05,,device_not_recording
1709478600000,2024-03-03T15:10:00Z,899-1-1-05,,device_not_recording
1709478660000,2024-03-03T15:11:00Z,899-1-1-05,,device_not_recording
1709478720000,2024-03-03T15:12:00Z,899-1-1-05,,device_not_recording
1709478780000,2024-03-03T15:13:00Z,899-1-1-05,,device_not_recording
1709478840000,2024-03-03T15:14:00Z,899-1-1-05,,device_not_recording
1709478900000,2024-03-03T15:15:00Z,899-1-1-05,,device_not_recording
1709478960000,2024-03-03T15:16:00Z,899-1-1-05,,device_not_recording
1709479020000,2024-03-03T15:17:00Z,899-1-1-05,,device_not_recording
1709479080000,2024-03-03T15:18:00Z,899-1-1-05,,device_not_recording
1709479140000,2024-03-03T15:19:00Z,899-1-1-05,,device_not_recording
1709479200000,2024-03-03T15:20:00Z,899-1-1-05,,device_not_recording
1709479260000,2024-03-03T15:21:00Z,899-1-1-05,,device_not_recording
1709479320000,2024-03-03T15:22:00Z,899-1-1-05,,device_not_recording
1709479380000,2024-03-03T15:23:00Z,899-1-1-05,,device_not_recording
1709479440000,2024-03-03T15:24:00Z,899-1-1-05,,device_not_recording
1709479500000,2024-03-03T15:25:00Z,899-1-1-05,,device_not_recording
1709479560000,2024-03-03T15:26:00Z,899-1-1-05,,device_not_recording
1709479620000,2024-03-03T15:27:00Z,899-1-1-05,,device_not_recording
1709479680000,2024-03-03T15:28:00Z,899-1-1-05,,device_not_recording
1709479740000,2024-03-03T15:29:00Z,899-1-1-05,,device_not_recording
1709479800000,2024-03-03T15:30:00Z,899-1-1-05,,device_not_recording
1709479860000,2024-03-03T15:31:00Z,899-1-1-05,,device_not_recording
1709479920000,2024-03-03T15:32:00Z,899-1-1-05,,device_not_recording
1709479980000,2024-03-03T15:33:00Z,899-1-1-05,,device_not_recording
1709480040000,2024-03-03T15:34:00Z,899-1-1-05,,device_not_recording
1709480100000,2024-03-03T15:35:00Z,899-1-1-05,,device_not_recording
1709480160000,2024-03-03T15:36:00Z,899-1-1-05,,device_not_recording
1709480220000,2024-03-03T15:37:00Z,899-1-1-05,,device_not_recording
1709480280000,2024-03-03T15:38:00Z,899-1-1-05,,device_not_recording
1709480340000,2024-03-03T15:39:00Z,899-1-1-05,,device_not_recording
1709480400000,2024-03-03T15:40:00Z,899-1-1-05,,device_not_recording
1709480460000,2024-03-03T15:41:00Z,899-1-1-05,,device_not_recording
1709480520000,2024-03-03T15:42:00Z,899-1-1-05,,device_not_recording
1709480580000,2024-03-03T15:43:00Z,899-1-1-05,,device_not_recording
1709480640000,2024-03-03T15:44:00Z,899-1-1-05,,device_not_recording
1709480700000,2024-03-03T15:45:00Z,899-1-1-05,,device_not_recording
1709480760000,2024-03-03T15:46:00Z,899-1-1-05,,device_not_recording
1709480820000,2024-03-03T15:47:00Z,899-1-1-05,,device_not_recording
1709480880000,2024-03-03T15:48:00Z,899-1-1-05,,device_not_recording
1709480940000,2024-03-03T15:49:00Z,899-1-1-05,0.576,
1709481000000,2024-03-03T15:50:00Z,899-1-1-05,,device_not_worn_correctly
1709481060000,2024-03-03T15:51:00Z,899-1-1-05,,device_not_worn_correctly
1709481120000,2024-03-03T15:52:00Z,899-1-1-05,,device_not_worn_correctly
1709481180000,2024-03-03T15:53:00Z,899-1-1-05,,device_not_worn_correctly
1709481240000,2024-03-03T15:54:00Z,899-1-1-05,,device_not_worn_correctly
1709481300000,2024-03-03T15:55:00Z,899-1-1-05,,device_not_worn_correctly
1709481360000,2024-03-03T15:56:00Z,899-1-1-05,,device_not_worn_correctly
1709481420000,2024-03-03T15:57:00Z,899-1-1-05,,device_not_worn_correctly
1709481480000,2024-03-03T15:58:00Z,899-1-1-05,,device_not_worn_correctly
1709481540000,2024-03-03T15:59:00Z,899-1-1-05,,device_not_worn_correctly
1709481600000,2024-03-03T16:00:00Z,899-1-1-05,0.026,
1709481660000,2024-03-03T16:01:00Z,899-1-1-05,0.013,
1709481720000,2024-03-03T16:02:00Z,899-1-1-05,0.001,
1709481780000,2024-03-03T16:03:00Z,899-1-1-05,0.012,
1709481840000,2024-03-03T16:04:00Z,899-1-1-05,0.016,
1709481900000,2024-03-03T16:05:00Z,899-1-1-05,0.027,
1709481960000,2024-03-03T16:06:00Z,899-1-1-05,0.001,
1709482020000,2024-03-03T16:07:00Z,899-1-1-05,0.001,
1709482080000,2024-03-03T16:08:00Z,899-1-1-05,0.001,
1709482140000,2024-03-03T16:09:00Z,899-1-1-05,0.015,
1709482200000,2024-03-03T16:10:00Z,899-1-1-05,0.034,
1709482260000,2024-03-03T16:11:00Z,899-1-1-05,0.004,
1709482320000,2024-03-03T16:12:00Z,899-1-1-05,0.009,
1709482380000,2024-03-03T16:13:00Z,899-1-1-05,,device_not_recording
1709482440000,2024-03-03T16:14:00Z,899-1-1-05,,device_not_recording
1709482500000,2024-03-03T16:15:00Z,899-1-1-05,,device_not_recording
1709482560000,2024-03-03T16:16:00Z,899-1-1-05,,device_not_recording
1709482620000,2024-03-03T16:17:00Z,899-1-1-05,,device_not_recording
1709482680000,2024-03-03T16:18:00Z,899-1-1-05,,device_not_recording
1709482740000,2024-03-03T16:19:00Z,899-1-1-05,,device_not_recording
1709482800000,2024-03-03T16:20:00Z,899-1-1-05,,device_not_recording
1709482860000,2024-03-03T16:21:00Z,899-1-1-05,,device_not_recording
1709482920000,2024-03-03T16:22:00Z,899-1-1-05,,device_not_recording
1709482980000,2024-03-03T16:23:00Z,899-1-1-05,,device_not_recording
1709483040000,2024-03-03T16:24:00Z,899-1-1-05,,device_not_recording
1709483100000,2024-03-03T16:25:00Z,899-1-1-05,,device_not_recording
1709483160000,2024-03-03T16:26:00Z,899-1-1-05,,device_not_recording
1709483220000,2024-03-03T16:27:00Z,899-1-1-05,,device_not_recording
1709483280000,2024-03-03T16:28:00Z,899-1-1-05,,device_not_recording
1709483340000,2024-03-03T16:29:00Z,899-1-1-05,,device_not_recording
1709483400000,2024-03-03T16:30:00Z,899-1-1-05,,device_not_recording
1709483460000,2024-03-03T16:31:00Z,899-1-1-05,,device_not_recording
1709483520000,2024-03-03T16:32:00Z,899-1-1-05,,device_not_recording
1709483580000,2024-03-03T16:33:00Z,899-1-1-05,,device_not_recording
1709483640000,2024-03-03T16:34:00Z,899-1-1-05,,device_not_recording
1709483700000,2024-03-03T16:35:00Z,899-1-1-05,,device_not_recording
1709483760000,2024-03-03T16:36:00Z,899-1-1-05,,device_not_recording
1709483820000,2024-03-03T16:37:00Z,899-1-1-05,,device_not_recording
1709483880000,2024-03-03T16:38:00Z,899-1-1-05,,device_not_recording
1709483940000,2024-03-03T16:39:00Z,899-1-1-05,,device_not_recording
1709484000000,2024-03-03T16:40:00Z,899-1-1-05,,device_not_recording
1709484060000,2024-03-03T16:41:00Z,899-1-1-05,,device_not_recording
1709484120000,2024-03-03T16:42:00Z,899-1-1-05,,device_not_recording
1709484180000,2024-03-03T16:43:00Z,899-1-1-05,,device_not_recording
1709484240000,2024-03-03T16:44:00Z,899-1-1-05,,device_not_recording
1709484300000,2024-03-03T16:45:00Z,899-1-1-05,,device_not_recording
1709484360000,2024-03-03T16:46:00Z,899-1-1-05,,device_not_recording
1709484420000,2024-03-03T16:47:00Z,899-1-1-05,,device_not_recording
1709484480000,2024-03-03T16:48:00Z,899-1-1-05,,device_not_recording
1709484540000,2024-03-03T16:49:00Z,899-1-1-05,,device_not_recording
1709484600000,2024-03-03T16:50:00Z,899-1-1-05,,device_not_recording
1709484660000,2024-03-03T16:51:00Z,899-1-1-05,,device_not_recording
1709484720000,2024-03-03T16:52:00Z,899-1-1-05,,device_not_recording
1709484780000,2024-03-03T16:53:00Z,899-1-1-05,,device_not_recording
1709484840000,2024-03-03T16:54:00Z,899-1-1-05,,device_not_recording
1709484900000,2024-03-03T16:55:00Z,899-1-1-05,,device_not_recording
1709484960000,2024-03-03T16:56:00Z,899-1-1-05,,device_not_recording
1709485020000,2024-03-03T16:57:00Z,899-1-1-05,,device_not_recording
1709485080000,2024-03-03T16:58:00Z,899-1-1-05,,device_not_recording
1709485140000,2024-03-03T16:59:00Z,899-1-1-05,,device_not_recording
1709485200000,2024-03-03T17:00:00Z,899-1-1-05,,device_not_recording
1709485260000,2024-03-03T17:01:00Z,899-1-1-05,,device_not_recording
1709485320000,2024-03-03T17:02:00Z,899-1-1-05,,device_not_recording
1709485380000,2024-03-03T17:03:00Z,899-1-1-05,,device_not_recording
1709485440000,2024-03-03T17:04:00Z,899-1-1-05,,device_not_recording
1709485500000,2024-03-03T17:05:00Z,899-1-1-05,,device_not_recording
1709485560000,2024-03-03T17:06:00Z,899-1-1-05,,device_not_recording
1709485620000,2024-03-03T17:07:00Z,899-1-1-05,,device_not_recording
1709485680000,2024-03-03T17:08:00Z,899-1-1-05,,device_not_recording
1709485740000,2024-03-03T17:09:00Z,899-1-1-05,,device_not_recording
1709485800000,2024-03-03T17:10:00Z,899-1-1-05,,device_not_recording
1709485860000,2024-03-03T17:11:00Z,899-1-1-05,,device_not_recording
1709485920000,2024-03-03T17:12:00Z,899-1-1-05,,device_not_recording
1709485980000,2024-03-03T17:13:00Z,899-1-1-05,,device_not_recording
1709486040000,2024-03-03T17:14:00Z,899-1-1-05,,device_not_recording
1709486100000,2024-03-03T17:15:00Z,899-1-1-05,,device_not_recording
1709486160000,2024-03-03T17:16:00Z,899-1-1-05,,device_not_recording
1709486220000,2024-03-03T17:17:00Z,899-1-1-05,,device_not_recording
1709486280000,2024-03-03T17:18:00Z,899-1-1-05,,device_not_recording
1709486340000,2024-03-03T17:19:00Z,899-1-1-05,,device_not_recording
1709486400000,2024-03-03T17:20:00Z,899-1-1-05,,device_not_recording
1709486460000,2024-03-03T17:21:00Z,899-1-1-05,,device_not_recording
1709486520000,2024-03-03T17:22:00Z,899-1-1-05,,device_not_recording
1709486580000,2024-03-03T17:23:00Z,899-1-1-05,,device_not_recording
1709486640000,2024-03-03T17:24:00Z,899-1-1-05,,device_not_recording
1709486700000,2024-03-03T17:25:00Z,899-1-1-05,,device_not_recording
1709486760000,2024-03-03T17:26:00Z,899-1-1-05,,device_not_recording
1709486820000,2024-03-03T17:27:00Z,899-1-1-05,,device_not_recording
1709486880000,2024-03-03T17:28:00Z,899-1-1-05,,device_not_recording
1709486940000,2024-03-03T17:29:00Z,899-1-1-05,,device_not_recording
1709487000000,2024-03-03T17:30:00Z,899-1-1-05,,device_not_recording
1709487060000,2024-03-03T17:31:00Z,899-1-1-05,,device_not_recording
1709487120000,2024-03-03T17:32:00Z,899-1-1-05,,device_not_recording
1709487180000,2024-03-03T17:33:00Z,899-1-1-05,,device_not_recording
1709487240000,2024-03-03T17:34:00Z,899-1-1-05,,device_not_recording
1709487300000,2024-03-03T17:35:00Z,899-1-1-05,,device_not_recording
1709487360000,2024-03-03T17:36:00Z,899-1-1-05,,device_not_recording
1709487420000,2024-03-03T17:37:00Z,899-1-1-05,,device_not_recording
1709487480000,2024-03-03T17:38:00Z,899-1-1-05,,device_not_recording
1709487540000,2024-03-03T17:39:00Z,899-1-1-05,,device_not_recording
1709487600000,2024-03-03T17:40:00Z,899-1-1-05,,device_not_recording
1709487660000,2024-03-03T17:41:00Z,899-1-1-05,,device_not_recording
1709487720000,2024-03-03T17:42:00Z,899-1-1-05,,device_not_recording
1709487780000,2024-03-03T17:43:00Z,899-1-1-05,,device_not_recording
1709487840000,2024-03-03T17:44:00Z,899-1-1-05,,device_not_recording
1709487900000,2024-03-03T17:45:00Z,899-1-1-05,,device_not_recording
1709487960000,2024-03-03T17:46:00Z,899-1-1-05,,device_not_recording
1709488020000,2024-03-03T17:47:00Z,899-1-1-05,,device_not_recording
1709488080000,2024-03-03T17:48:00Z,899-1-1-05,,device_not_recording
1709488140000,2024-03-03T17:49:00Z,899-1-1-05,,device_not_recording
1709488200000,2024-03-03T17:50:00Z,899-1-1-05,,device_not_recording
1709488260000,2024-03-03T17:51:00Z,899-1-1-05,,device_not_recording
1709488320000,2024-03-03T17:52:00Z,899-1-1-05,,device_not_recording
1709488380000,2024-03-03T17:53:00Z,899-1-1-05,,device_not_recording
1709488440000,2024-03-03T17:54:00Z,899-1-1-05,,device_not_recording
1709488500000,2024-03-03T17:55:00Z,899-1-1-05,,device_not_recording
1709488560000,2024-03-03T17:56:00Z,899-1-1-05,,device_not_recording
1709488620000,2024-03-03T17:57:00Z,899-1-1-05,,device_not_recording
1709488680000,2024-03-03T17:58:00Z,899-1-1-05,,device_not_recording
1709488740000,2024-03-03T17:59:00Z,899-1-1-05,,device_not_recording
1709488800000,2024-03-03T18:00:00Z,899-1-1-05,,device_not_recording
1709488860000,2024-03-03T18:01:00Z,899-1-1-05,,device_not_recording
1709488920000,2024-03-03T18:02:00Z,899-1-1-05,,device_not_recording
1709488980000,2024-03-03T18:03:00Z,899-1-1-05,,device_not_recording
1709489040000,2024-03-03T18:04:00Z,899-1-1-05,,device_not_recording
1709489100000,2024-03-03T18:05:00Z,899-1-1-05,,device_not_recording
1709489160000,2024-03-03T18:06:00Z,899-1-1-05,,device_not_recording
1709489220000,2024-03-03T18:07:00Z,899-1-1-05,,device_not_recording
1709489280000,2024-03-03T18:08:00Z,899-1-1-05,,device_not_recording
1709489340000,2024-03-03T18:09:00Z,899-1-1-05,,device_not_recording
1709489400000,2024-03-03T18:10:00Z,899-1-1-05,,device_not_recording
1709489460000,2024-03-03T18:11:00Z,899-1-1-05,,device_not_recording
1709489520000,2024-03-03T18:12:00Z,899-1-1-05,,device_not_recording
1709489580000,2024-03-03T18:13:00Z,899-1-1-05,,device_not_recording
1709489640000,2024-03-03T18:14:00Z,899-1-1-05,,device_not_recording
1709489700000,2024-03-03T18:15:00Z,899-1-1-05,,device_not_recording
1709489760000,2024-03-03T18:16:00Z,899-1-1-05,,device_not_recording
1709489820000,2024-03-03T18:17:00Z,899-1-1-05,,device_not_recording
1709489880000,2024-03-03T18:18:00Z,899-1-1-05,,device_not_recording
1709489940000,2024-03-03T18:19:00Z,899-1-1-05,,device_not_recording
1709490000000,2024-03-03T18:20:00Z,899-1-1-05,,device_not_recording
1709490060000,2024-03-03T18:21:00Z,899-1-1-05,,device_not_recording
1709490120000,2024-03-03T18:22:00Z,899-1-1-05,,device_not_recording
1709490180000,2024-03-03T18:23:00Z,899-1-1-05,,device_not_recording
1709490240000,2024-03-03T18:24:00Z,899-1-1-05,,device_not_recording
1709490300000,2024-03-03T18:25:00Z,899-1-1-05,,device_not_recording
1709490360000,2024-03-03T18:26:00Z,899-1-1-05,,device_not_recording
1709490420000,2024-03-03T18:27:00Z,899-1-1-05,,device_not_recording
1709490480000,2024-03-03T18:28:00Z,899-1-1-05,,device_not_recording
1709490540000,2024-03-03T18:29:00Z,899-1-1-05,,device_not_recording
1709490600000,2024-03-03T18:30:00Z,899-1-1-05,,device_not_recording
1709490660000,2024-03-03T18:31:00Z,899-1-1-05,,device_not_recording
1709490720000,2024-03-03T18:32:00Z,899-1-1-05,,device_not_recording
1709490780000,2024-03-03T18:33:00Z,899-1-1-05,,device_not_recording
1709490840000,2024-03-03T18:34:00Z,899-1-1-05,,device_not_recording
1709490900000,2024-03-03T18:35:00Z,899-1-1-05,,device_not_recording
1709490960000,2024-03-03T18:36:00Z,899-1-1-05,,device_not_recording
1709491020000,2024-03-03T18:37:00Z,899-1-1-05,,device_not_recording
1709491080000,2024-03-03T18:38:00Z,899-1-1-05,,device_not_recording
1709491140000,2024-03-03T18:39:00Z,899-1-1-05,,device_not_recording
1709491200000,2024-03-03T18:40:00Z,899-1-1-05,,device_not_recording
1709491260000,2024-03-03T18:41:00Z,899-1-1-05,,device_not_recording
1709491320000,2024-03-03T18:42:00Z,899-1-1-05,,device_not_recording
1709491380000,2024-03-03T18:43:00Z,899-1-1-05,,device_not_recording
1709491440000,2024-03-03T18:44:00Z,899-1-1-05,,device_not_recording
1709491500000,2024-03-03T18:45:00Z,899-1-1-05,,device_not_recording
1709491560000,2024-03-03T18:46:00Z,899-1-1-05,,device_not_recording
1709491620000,2024-03-03T18:47:00Z,899-1-1-05,,device_not_recording
1709491680000,2024-03-03T18:48:00Z,899-1-1-05,,device_not_recording
1709491740000,2024-03-03T18:49:00Z,899-1-1-05,,device_not_recording
1709491800000,2024-03-03T18:50:00Z,899-1-1-05,,device_not_recording
1709491860000,2024-03-03T18:51:00Z,899-1-1-05,,device_not_recording
1709491920000,2024-03-03T18:52:00Z,899-1-1-05,,device_not_recording
1709491980000,2024-03-03T18:53:00Z,899-1-1-05,,device_not_recording
1709492040000,2024-03-03T18:54:00Z,899-1-1-05,,device_not_recording
1709492100000,2024-03-03T18:55:00Z,899-1-1-05,,device_not_recording
1709492160000,2024-03-03T18:56:00Z,899-1-1-05,,device_not_recording
1709492220000,2024-03-03T18:57:00Z,899-1-1-05,,device_not_recording
1709492280000,2024-03-03T18:58:00Z,899-1-1-05,,device_not_recording
1709492340000,2024-03-03T18:59:00Z,899-1-1-05,,device_not_recording
1709492400000,2024-03-03T19:00:00Z,899-1-1-05,,device_not_recording
1709492460000,2024-03-03T19:01:00Z,899-1-1-05,,device_not_recording
1709492520000,2024-03-03T19:02:00Z,899-1-1-05,,device_not_recording
1709492580000,2024-03-03T19:03:00Z,899-1-1-05,,device_not_recording
1709492640000,2024-03-03T19:04:00Z,899-1-1-05,,device_not_recording
1709492700000,2024-03-03T19:05:00Z,899-1-1-05,,device_not_recording
1709492760000,2024-03-03T19:06:00Z,899-1-1-05,,device_not_recording
1709492820000,2024-03-03T19:07:00Z,899-1-1-05,,device_not_recording
1709492880000,2024-03-03T19:08:00Z,899-1-1-05,,device_not_recording
1709492940000,2024-03-03T19:09:00Z,899-1-1-05,,device_not_recording
1709493000000,2024-03-03T19:10:00Z,899-1-1-05,,device_not_recording
1709493060000,2024-03-03T19:11:00Z,899-1-1-05,,device_not_recording
1709493120000,2024-03-03T19:12:00Z,899-1-1-05,,device_not_recording
1709493180000,2024-03-03T19:13:00Z,899-1-1-05,,device_not_recording
1709493240000,2024-03-03T19:14:00Z,899-1-1-05,,device_not_recording
1709493300000,2024-03-03T19:15:00Z,899-1-1-05,,device_not_recording
1709493360000,2024-03-03T19:16:00Z,899-1-1-05,,device_not_recording
1709493420000,2024-03-03T19:17:00Z,899-1-1-05,,device_not_recording
1709493480000,2024-03-03T19:18:00Z,899-1-1-05,,device_not_recording
1709493540000,2024-03-03T19:19:00Z,899-1-1-05,,device_not_recording
1709493600000,2024-03-03T19:20:00Z,899-1-1-05,,device_not_recording
1709493660000,2024-03-03T19:21:00Z,899-1-1-05,,device_not_recording
1709493720000,2024-03-03T19:22:00Z,899-1-1-05,,device_not_recording
1709493780000,2024-03-03T19:23:00Z,899-1-1-05,,device_not_recording
1709493840000,2024-03-03T19:24:00Z,899-1-1-05,,device_not_recording
1709493900000,2024-03-03T19:25:00Z,899-1-1-05,,device_not_recording
1709493960000,2024-03-03T19:26:00Z,899-1-1-05,,device_not_recording
1709494020000,2024-03-03T19:27:00Z,899-1-1-05,,device_not_recording
1709494080000,2024-03-03T19:28:00Z,899-1-1-05,,device_not_recording
1709494140000,2024-03-03T19:29:00Z,899-1-1-05,,device_not_recording
1709494200000,2024-03-03T19:30:00Z,899-1-1-05,,device_not_recording
1709494260000,2024-03-03T19:31:00Z,899-1-1-05,,device_not_recording
1709494320000,2024-03-03T19:32:00Z,899-1-1-05,,device_not_recording
1709494380000,2024-03-03T19:33:00Z,899-1-1-05,,device_not_recording
1709494440000,2024-03-03T19:34:00Z,899-1-1-05,,device_not_recording
1709494500000,2024-03-03T19:35:00Z,899-1-1-05,,device_not_recording
1709494560000,2024-03-03T19:36:00Z,899-1-1-05,,device_not_recording
1709494620000,2024-03-03T19:37:00Z,899-1-1-05,,device_not_recording
1709494680000,2024-03-03T19:38:00Z,899-1-1-05,,device_not_recording
1709494740000,2024-03-03T19:39:00Z,899-1-1-05,,device_not_recording
1709494800000,2024-03-03T19:40:00Z,899-1-1-05,,device_not_recording
1709494860000,2024-03-03T19:41:00Z,899-1-1-05,,device_not_recording
1709494920000,2024-03-03T19:42:00Z,899-1-1-05,,device_not_recording
1709494980000,2024-03-03T19:43:00Z,899-1-1-05,,device_not_recording
1709495040000,2024-03-03T19:44:00Z,899-1-1-05,,device_not_recording
1709495100000,2024-03-03T19:45:00Z,899-1-1-05,,device_not_recording
1709495160000,2024-03-03T19:46:00Z,899-1-1-05,,device_not_recording
1709495220000,2024-03-03T19:47:00Z,899-1-1-05,,device_not_recording
1709495280000,2024-03-03T19:48:00Z,899-1-1-05,,device_not_recording
1709495340000,2024-03-03T19:49:00Z,899-1-1-05,,device_not_recording
1709495400000,2024-03-03T19:50:00Z,899-1-1-05,,device_not_recording
1709495460000,2024-03-03T19:51:00Z,899-1-1-05,,device_not_recording
1709495520000,2024-03-03T19:52:00Z,899-1-1-05,,device_not_recording
1709495580000,2024-03-03T19:53:00Z,899-1-1-05,,device_not_recording
1709495640000,2024-03-03T19:54:00Z,899-1-1-05,,device_not_recording
1709495700000,2024-03-03T19:55:00Z,899-1-1-05,,device_not_recording
1709495760000,2024-03-03T19:56:00Z,899-1-1-05,,device_not_recording
1709495820000,2024-03-03T19:57:00Z,899-1-1-05,,device_not_recording
1709495880000,2024-03-03T19:58:00Z,899-1-1-05,,device_not_recording
1709495940000,2024-03-03T19:59:00Z,899-1-1-05,,device_not_recording
1709496000000,2024-03-03T20:00:00Z,899-1-1-05,,device_not_recording
1709496060000,2024-03-03T20:01:00Z,899-1-1-05,,device_not_recording
1709496120000,2024-03-03T20:02:00Z,899-1-1-05,,device_not_recording
1709496180000,2024-03-03T20:03:00Z,899-1-1-05,,device_not_recording
1709496240000,2024-03-03T20:04:00Z,899-1-1-05,,device_not_recording
1709496300000,2024-03-03T20:05:00Z,899-1-1-05,,device_not_recording
1709496360000,2024-03-03T20:06:00Z,899-1-1-05,,device_not_recording
1709496420000,2024-03-03T20:07:00Z,899-1-1-05,,device_not_recording
1709496480000,2024-03-03T20:08:00Z,899-1-1-05,,device_not_recording
1709496540000,2024-03-03T20:09:00Z,899-1-1-05,,device_not_recording
1709496600000,2024-03-03T20:10:00Z,899-1-1-05,,device_not_recording
1709496660000,2024-03-03T20:11:00Z,899-1-1-05,,device_not_recording
1709496720000,2024-03-03T20:12:00Z,899-1-1-05,,device_not_recording
1709496780000,2024-03-03T20:13:00Z,899-1-1-05,,device_not_recording
1709496840000,2024-03-03T20:14:00Z,899-1-1-05,,device_not_recording
1709496900000,2024-03-03T20:15:00Z,899-1-1-05,,device_not_recording
1709496960000,2024-03-03T20:16:00Z,899-1-1-05,,device_not_recording
1709497020000,2024-03-03T20:17:00Z,899-1-1-05,,device_not_recording
1709497080000,2024-03-03T20:18:00Z,899-1-1-05,,device_not_recording
1709497140000,2024-03-03T20:19:00Z,899-1-1-05,,device_not_recording
1709497200000,2024-03-03T20:20:00Z,899-1-1-05,,device_not_recording
1709497260000,2024-03-03T20:21:00Z,899-1-1-05,,device_not_recording
1709497320000,2024-03-03T20:22:00Z,899-1-1-05,,device_not_recording
1709497380000,2024-03-03T20:23:00Z,899-1-1-05,,device_not_recording
1709497440000,2024-03-03T20:24:00Z,899-1-1-05,,device_not_recording
1709497500000,2024-03-03T20:25:00Z,899-1-1-05,,device_not_recording
1709497560000,2024-03-03T20:26:00Z,899-1-1-05,,device_not_recording
1709497620000,2024-03-03T20:27:00Z,899-1-1-05,,device_not_recording
1709497680000,2024-03-03T20:28:00Z,899-1-1-05,,device_not_recording
1709497740000,2024-03-03T20:29:00Z,899-1-1-05,,device_not_recording
1709497800000,2024-03-03T20:30:00Z,899-1-1-05,,device_not_recording
1709497860000,2024-03-03T20:31:00Z,899-1-1-05,,device_not_recording
1709497920000,2024-03-03T20:32:00Z,899-1-1-05,,device_not_recording
1709497980000,2024-03-03T20:33:00Z,899-1-1-05,,device_not_recording
1709498040000,2024-03-03T20:34:00Z,899-1-1-05,,device_not_recording
1709498100000,2024-03-03T20:35:00Z,899-1-1-05,,device_not_recording
1709498160000,2024-03-03T20:36:00Z,899-1-1-05,,device_not_recording
1709498220000,2024-03-03T20:37:00Z,899-1-1-05,,device_not_recording
1709498280000,2024-03-03T20:38:00Z,899-1-1-05,,device_not_recording
1709498340000,2024-03-03T20:39:00Z,899-1-1-05,,device_not_recording
1709498400000,2024-03-03T20:40:00Z,899-1-1-05,,device_not_recording
1709498460000,2024-03-03T20:41:00Z,899-1-1-05,,device_not_recording
1709498520000,2024-03-03T20:42:00Z,899-1-1-05,,device_not_recording
1709498580000,2024-03-03T20:43:00Z,899-1-1-05,,device_not_recording
1709498640000,2024-03-03T20:44:00Z,899-1-1-05,,device_not_recording
1709498700000,2024-03-03T20:45:00Z,899-1-1-05,,device_not_recording
1709498760000,2024-03-03T20:46:00Z,899-1-1-05,,device_not_recording
1709498820000,2024-03-03T20:47:00Z,899-1-1-05,,device_not_recording
1709498880000,2024-03-03T20:48:00Z,899-1-1-05,,device_not_recording
1709498940000,2024-03-03T20:49:00Z,899-1-1-05,,device_not_recording
1709499000000,2024-03-03T20:50:00Z,899-1-1-05,,device_not_recording
1709499060000,2024-03-03T20:51:00Z,899-1-1-05,,device_not_recording
1709499120000,2024-03-03T20:52:00Z,899-1-1-05,,device_not_recording
1709499180000,2024-03-03T20:53:00Z,899-1-1-05,,device_not_recording
1709499240000,2024-03-03T20:54:00Z,899-1-1-05,,device_not_recording
1709499300000,2024-03-03T20:55:00Z,899-1-1-05,,device_not_recording
1709499360000,2024-03-03T20:56:00Z,899-1-1-05,,device_not_recording
1709499420000,2024-03-03T20:57:00Z,899-1-1-05,,device_not_recording
1709499480000,2024-03-03T20:58:00Z,899-1-1-05,,device_not_recording
1709499540000,2024-03-03T20:59:00Z,899-1-1-05,,device_not_recording
1709499600000,2024-03-03T21:00:00Z,899-1-1-05,,device_not_recording
1709499660000,2024-03-03T21:01:00Z,899-1-1-05,,device_not_recording
1709499720000,2024-03-03T21:02:00Z,899-1-1-05,,device_not_recording
1709499780000,2024-03-03T21:03:00Z,899-1-1-05,,device_not_recording
1709499840000,2024-03-03T21:04:00Z,899-1-1-05,,device_not_recording
1709499900000,2024-03-03T21:05:00Z,899-1-1-05,,device_not_recording
1709499960000,2024-03-03T21:06:00Z,899-1-1-05,,device_not_recording
1709500020000,2024-03-03T21:07:00Z,899-1-1-05,,device_not_recording
1709500080000,2024-03-03T21:08:00Z,899-1-1-05,,device_not_recording
1709500140000,2024-03-03T21:09:00Z,899-1-1-05,,device_not_recording
1709500200000,2024-03-03T21:10:00Z,899-1-1-05,,device_not_recording
1709500260000,2024-03-03T21:11:00Z,899-1-1-05,,device_not_recording
1709500320000,2024-03-03T21:12:00Z,899-1-1-05,,device_not_recording
1709500380000,2024-03-03T21:13:00Z,899-1-1-05,,device_not_recording
1709500440000,2024-03-03T21:14:00Z,899-1-1-05,,device_not_recording
1709500500000,2024-03-03T21:15:00Z,899-1-1-05,,device_not_recording
1709500560000,2024-03-03T21:16:00Z,899-1-1-05,,device_not_recording
1709500620000,2024-03-03T21:17:00Z,899-1-1-05,,device_not_recording
1709500680000,2024-03-03T21:18:00Z,899-1-1-05,,device_not_recording
1709500740000,2024-03-03T21:19:00Z,899-1-1-05,,device_not_recording
1709500800000,2024-03-03T21:20:00Z,899-1-1-05,,device_not_recording
1709500860000,2024-03-03T21:21:00Z,899-1-1-05,,device_not_recording
1709500920000,2024-03-03T21:22:00Z,899-1-1-05,,device_not_recording
1709500980000,2024-03-03T21:23:00Z,899-1-1-05,,device_not_recording
1709501040000,2024-03-03T21:24:00Z,899-1-1-05,,device_not_recording
1709501100000,2024-03-03T21:25:00Z,899-1-1-05,,device_not_recording
1709501160000,2024-03-03T21:26:00Z,899-1-1-05,,device_not_recording
1709501220000,2024-03-03T21:27:00Z,899-1-1-05,,device_not_recording
1709501280000,2024-03-03T21:28:00Z,899-1-1-05,,device_not_recording
1709501340000,2024-03-03T21:29:00Z,899-1-1-05,,device_not_recording
1709501400000,2024-03-03T21:30:00Z,899-1-1-05,,device_not_recording
1709501460000,2024-03-03T21:31:00Z,899-1-1-05,,device_not_recording
1709501520000,2024-03-03T21:32:00Z,899-1-1-05,,device_not_recording
1709501580000,2024-03-03T21:33:00Z,899-1-1-05,,device_not_recording
1709501640000,2024-03-03T21:34:00Z,899-1-1-05,,device_not_recording
1709501700000,2024-03-03T21:35:00Z,899-1-1-05,,device_not_recording
1709501760000,2024-03-03T21:36:00Z,899-1-1-05,,device_not_recording
1709501820000,2024-03-03T21:37:00Z,899-1-1-05,,device_not_recording
1709501880000,2024-03-03T21:38:00Z,899-1-1-05,,device_not_recording
1709501940000,2024-03-03T21:39:00Z,899-1-1-05,,device_not_recording
1709502000000,2024-03-03T21:40:00Z,899-1-1-05,,device_not_recording
1709502060000,2024-03-03T21:41:00Z,899-1-1-05,,device_not_recording
1709502120000,2024-03-03T21:42:00Z,899-1-1-05,,device_not_recording
1709502180000,2024-03-03T21:43:00Z,899-1-1-05,,device_not_recording
1709502240000,2024-03-03T21:44:00Z,899-1-1-05,,device_not_recording
1709502300000,2024-03-03T21:45:00Z,899-1-1-05,,device_not_recording
1709502360000,2024-03-03T21:46:00Z,899-1-1-05,,device_not_recording
1709502420000,2024-03-03T21:47:00Z,899-1-1-05,,device_not_recording
1709502480000,2024-03-03T21:48:00Z,899-1-1-05,,device_not_recording
1709502540000,2024-03-03T21:49:00Z,899-1-1-05,,device_not_recording
1709502600000,2024-03-03T21:50:00Z,899-1-1-05,,device_not_recording
1709502660000,2024-03-03T21:51:00Z,899-1-1-05,,device_not_recording
1709502720000,2024-03-03T21:52:00Z,899-1-1-05,,device_not_recording
1709502780000,2024-03-03T21:53:00Z,899-1-1-05,,device_not_recording
1709502840000,2024-03-03T21:54:00Z,899-1-1-05,,device_not_recording
1709502900000,2024-03-03T21:55:00Z,899-1-1-05,,device_not_recording
1709502960000,2024-03-03T21:56:00Z,899-1-1-05,,device_not_recording
1709503020000,2024-03-03T21:57:00Z,899-1-1-05,,device_not_recording
1709503080000,2024-03-03T21:58:00Z,899-1-1-05,,device_not_recording
1709503140000,2024-03-03T21:59:00Z,899-1-1-05,,device_not_recording
1709503200000,2024-03-03T22:00:00Z,899-1-1-05,,device_not_recording
1709503260000,2024-03-03T22:01:00Z,899-1-1-05,,device_not_recording
1709503320000,2024-03-03T22:02:00Z,899-1-1-05,,device_not_recording
1709503380000,2024-03-03T22:03:00Z,899-1-1-05,,device_not_recording
1709503440000,2024-03-03T22:04:00Z,899-1-1-05,,device_not_recording
1709503500000,2024-03-03T22:05:00Z,899-1-1-05,,device_not_recording
1709503560000,2024-03-03T22:06:00Z,899-1-1-05,,device_not_recording
1709503620000,2024-03-03T22:07:00Z,899-1-1-05,,device_not_recording
1709503680000,2024-03-03T22:08:00Z,899-1-1-05,,device_not_recording
1709503740000,2024-03-03T22:09:00Z,899-1-1-05,,device_not_recording
1709503800000,2024-03-03T22:10:00Z,899-1-1-05,,device_not_recording
1709503860000,2024-03-03T22:11:00Z,899-1-1-05,,device_not_recording
1709503920000,2024-03-03T22:12:00Z,899-1-1-05,,device_not_recording
1709503980000,2024-03-03T22:13:00Z,899-1-1-05,,device_not_recording
1709504040000,2024-03-03T22:14:00Z,899-1-1-05,,device_not_recording
1709504100000,2024-03-03T22:15:00Z,899-1-1-05,,device_not_recording
1709504160000,2024-03-03T22:16:00Z,899-1-1-05,,device_not_recording
1709504220000,2024-03-03T22:17:00Z,899-1-1-05,,device_not_recording
1709504280000,2024-03-03T22:18:00Z,899-1-1-05,,device_not_recording
1709504340000,2024-03-03T22:19:00Z,899-1-1-05,,device_not_recording
1709504400000,2024-03-03T22:20:00Z,899-1-1-05,,device_not_recording
1709504460000,2024-03-03T22:21:00Z,899-1-1-05,,device_not_recording
1709504520000,2024-03-03T22:22:00Z,899-1-1-05,,device_not_recording
1709504580000,2024-03-03T22:23:00Z,899-1-1-05,,device_not_recording
1709504640000,2024-03-03T22:24:00Z,899-1-1-05,,device_not_recording
1709504700000,2024-03-03T22:25:00Z,899-1-1-05,,device_not_recording
1709504760000,2024-03-03T22:26:00Z,899-1-1-05,,device_not_recording
1709504820000,2024-03-03T22:27:00Z,899-1-1-05,,device_not_recording
1709504880000,2024-03-03T22:28:00Z,899-1-1-05,,device_not_recording
1709504940000,2024-03-03T22:29:00Z,899-1-1-05,,device_not_recording
1709505000000,2024-03-03T22:30:00Z,899-1-1-05,,device_not_recording
1709505060000,2024-03-03T22:31:00Z,899-1-1-05,,device_not_recording
1709505120000,2024-03-03T22:32:00Z,899-1-1-05,,device_not_recording
1709505180000,2024-03-03T22:33:00Z,899-1-1-05,,device_not_recording
1709505240000,2024-03-03T22:34:00Z,899-1-1-05,,device_not_recording
1709505300000,2024-03-03T22:35:00Z,899-1-1-05,,device_not_recording
1709505360000,2024-03-03T22:36:00Z,899-1-1-05,,device_not_recording
1709505420000,2024-03-03T22:37:00Z,899-1-1-05,,device_not_recording
1709505480000,2024-03-03T22:38:00Z,899-1-1-05,,device_not_recording
1709505540000,2024-03-03T22:39:00Z,899-1-1-05,,device_not_recording
1709505600000,2024-03-03T22:40:00Z,899-1-1-05,,device_not_recording
1709505660000,2024-03-03T22:41:00Z,899-1-1-05,,device_not_recording
1709505720000,2024-03-03T22:42:00Z,899-1-1-05,,device_not_recording
1709505780000,2024-03-03T22:43:00Z,899-1-1-05,,device_not_recording
1709505840000,2024-03-03T22:44:00Z,899-1-1-05,,device_not_recording
1709505900000,2024-03-03T22:45:00Z,899-1-1-05,,device_not_recording
1709505960000,2024-03-03T22:46:00Z,899-1-1-05,,device_not_recording
1709506020000,2024-03-03T22:47:00Z,899-1-1-05,,device_not_recording
1709506080000,2024-03-03T22:48:00Z,899-1-1-05,,device_not_recording
1709506140000,2024-03-03T22:49:00Z,899-1-1-05,,device_not_recording
1709506200000,2024-03-03T22:50:00Z,899-1-1-05,,device_not_recording
1709506260000,2024-03-03T22:51:00Z,899-1-1-05,,device_not_recording
1709506320000,2024-03-03T22:52:00Z,899-1-1-05,,device_not_recording
1709506380000,2024-03-03T22:53:00Z,899-1-1-05,,device_not_recording
1709506440000,2024-03-03T22:54:00Z,899-1-1-05,,device_not_recording
1709506500000,2024-03-03T22:55:00Z,899-1-1-05,,device_not_recording
1709506560000,2024-03-03T22:56:00Z,899-1-1-05,,device_not_recording
1709506620000,2024-03-03T22:57:00Z,899-1-1-05,,device_not_recording
1709506680000,2024-03-03T22:58:00Z,899-1-1-05,,device_not_recording
1709506740000,2024-03-03T22:59:00Z,899-1-1-05,,device_not_recording
1709506800000,2024-03-03T23:00:00Z,899-1-1-05,,device_not_recording
1709506860000,2024-03-03T23:01:00Z,899-1-1-05,,device_not_recording
1709506920000,2024-03-03T23:02:00Z,899-1-1-05,,device_not_recording
1709506980000,2024-03-03T23:03:00Z,899-1-1-05,,device_not_recording
1709507040000,2024-03-03T23:04:00Z,899-1-1-05,,device_not_recording
1709507100000,2024-03-03T23:05:00Z,899-1-1-05,,device_not_recording
1709507160000,2024-03-03T23:06:00Z,899-1-1-05,,device_not_recording
1709507220000,2024-03-03T23:07:00Z,899-1-1-05,,device_not_recording
1709507280000,2024-03-03T23:08:00Z,899-1-1-05,,device_not_recording
1709507340000,2024-03-03T23:09:00Z,899-1-1-05,,device_not_recording
1709507400000,2024-03-03T23:10:00Z,899-1-1-05,,device_not_recording
1709507460000,2024-03-03T23:11:00Z,899-1-1-05,,device_not_recording
1709507520000,2024-03-03T23:12:00Z,899-1-1-05,,device_not_recording
1709507580000,2024-03-03T23:13:00Z,899-1-1-05,,device_not_recording
1709507640000,2024-03-03T23:14:00Z,899-1-1-05,,device_not_recording
1709507700000,2024-03-03T23:15:00Z,899-1-1-05,,device_not_recording
1709507760000,2024-03-03T23:16:00Z,899-1-1-05,,device_not_recording
1709507820000,2024-03-03T23:17:00Z,899-1-1-05,,device_not_recording
1709507880000,2024-03-03T23:18:00Z,899-1-1-05,,device_not_recording
1709507940000,2024-03-03T23:19:00Z,899-1-1-05,,device_not_recording
1709508000000,2024-03-03T23:20:00Z,899-1-1-05,,device_not_recording
1709508060000,2024-03-03T23:21:00Z,899-1-1-05,,device_not_recording
1709508120000,2024-03-03T23:22:00Z,899-1-1-05,,device_not_recording
1709508180000,2024-03-03T23:23:00Z,899-1-1-05,,device_not_recording
1709508240000,2024-03-03T23:24:00Z,899-1-1-05,,device_not_recording
1709508300000,2024-03-03T23:25:00Z,899-1-1-05,,device_not_recording
1709508360000,2024-03-03T23:26:00Z,899-1-1-05,,device_not_recording
1709508420000,2024-03-03T23:27:00Z,899-1-1-05,,device_not_recording
1709508480000,2024-03-03T23:28:00Z,899-1-1-05,,device_not_recording
1709508540000,2024-03-03T23:29:00Z,899-1-1-05,,device_not_recording
1709508600000,2024-03-03T23:30:00Z,899-1-1-05,,device_not_recording
1709508660000,2024-03-03T23:31:00Z,899-1-1-05,,device_not_recording
1709508720000,2024-03-03T23:32:00Z,899-1-1-05,,device_not_recording
1709508780000,2024-03-03T23:33:00Z,899-1-1-05,,device_not_recording
1709508840000,2024-03-03T23:34:00Z,899-1-1-05,,device_not_recording
1709508900000,2024-03-03T23:35:00Z,899-1-1-05,,device_not_recording
1709508960000,2024-03-03T23:36:00Z,899-1-1-05,,device_not_recording
1709509020000,2024-03-03T23:37:00Z,899-1-1-05,,device_not_recording
1709509080000,2024-03-03T23:38:00Z,899-1-1-05,,device_not_recording
1709509140000,2024-03-03T23:39:00Z,899-1-1-05,,device_not_recording
1709509200000,2024-03-03T23:40:00Z,899-1-1-05,,device_not_recording
1709509260000,2024-03-03T23:41:00Z,899-1-1-05,,device_not_recording
1709509320000,2024-03-03T23:42:00Z,899-1-1-05,,device_not_recording
1709509380000,2024-03-03T23:43:00Z,899-1-1-05,,device_not_recording
1709509440000,2024-03-03T23:44:00Z,899-1-1-05,,device_not_recording
1709509500000,2024-03-03T23:45:00Z,899-1-1-05,,device_not_recording
1709509560000,2024-03-03T23:46:00Z,899-1-1-05,,device_not_recording
1709509620000,2024-03-03T23:47:00Z,899-1-1-05,,device_not_recording
1709509680000,2024-03-03T23:48:00Z,899-1-1-05,,device_not_recording
1709509740000,2024-03-03T23:49:00Z,899-1-1-05,,device_not_recording
1709509800000,2024-03-03T23:50:00Z,899-1-1-05,,device_not_recording
1709509860000,2024-03-03T23:51:00Z,899-1-1-05,,device_not_recording
1709509920000,2024-03-03T23:52:00Z,899-1-1-05,,device_not_recording
1709509980000,2024-03-03T23:53:00Z,899-1-1-05,,device_not_recording
1709510040000,2024-03-03T23:54:00Z,899-1-1-05,,device_not_recording
1709510100000,2024-03-03T23:55:00Z,899-1-1-05,,device_not_recording
1709510160000,2024-03-03T23:56:00Z,899-1-1-05,,device_not_recording
1709510220000,2024-03-03T23:57:00Z,899-1-1-05,,device_not_recording
1709510280000,2024-03-03T23:58:00Z,899-1-1-05,,device_not_recording
1709510340000,2024-03-03T23:59:00Z,899-1-1-05,,device_not_recording
