timestamp_unix,timestamp_iso,participant_full_id,activity_intensity,missing_value_reason
1709164800000,2024-02-29T00:00:00Z,899-1-1-01,,device_not_recording
1709164860000,2024-02-29T00:01:00Z,899-1-1-01,,device_not_recording
1709164920000,2024-02-29T00:02:00Z,899-1-1-01,,device_not_recording
1709164980000,2024-02-29T00:03:00Z,899-1-1-01,,device_not_recording
1709165040000,2024-02-29T00:04:00Z,899-1-1-01,,device_not_recording
1709165100000,2024-02-29T00:05:00Z,899-1-1-01,,device_not_recording
1709165160000,2024-02-29T00:06:00Z,899-1-1-01,,device_not_recording
1709165220000,2024-02-29T00:07:00Z,899-1-1-01,,device_not_recording
1709165280000,2024-02-29T00:08:00Z,899-1-1-01,,device_not_recording
1709165340000,2024-02-29T00:09:00Z,899-1-1-01,,device_not_recording
1709165400000,2024-02-29T00:10:00Z,899-1-1-01,,device_not_recording
1709165460000,2024-02-29T00:11:00Z,899-1-1-01,,device_not_recording
1709165520000,2024-02-29T00:12:00Z,899-1-1-01,,device_not_recording
1709165580000,2024-02-29T00:13:00Z,899-1-1-01,,device_not_recording
1709165640000,2024-02-29T00:14:00Z,899-1-1-01,,device_not_recording
1709165700000,2024-02-29T00:15:00Z,899-1-1-01,,device_not_recording
1709165760000,2024-02-29T00:16:00Z,899-1-1-01,,device_not_recording
1709165820000,2024-02-29T00:17:00Z,899-1-1-01,,device_not_recording
1709165880000,2024-02-29T00:18:00Z,899-1-1-01,,device_not_recording
1709165940000,2024-02-29T00:19:00Z,899-1-1-01,,device_not_recording
1709166000000,2024-02-29T00:20:00Z,899-1-1-01,,device_not_recording
1709166060000,2024-02-29T00:21:00Z,899-1-1-01,,device_not_recording
1709166120000,2024-02-29T00:22:00Z,899-1-1-01,,device_not_recording
1709166180000,2024-02-29T00:23:00Z,899-1-1-01,,device_not_recording
1709166240000,2024-02-29T00:24:00Z,899-1-1-01,,device_not_recording
1709166300000,2024-02-29T00:25:00Z,899-1-1-01,,device_not_recording
1709166360000,2024-02-29T00:26:00Z,899-1-1-01,,device_not_recording
1709166420000,2024-02-29T00:27:00Z,899-1-1-01,,device_not_recording
1709166480000,2024-02-29T00:28:00Z,899-1-1-01,,device_not_recording
1709166540000,2024-02-29T00:29:00Z,899-1-1-01,,device_not_recording
1709166600000,2024-02-29T00:30:00Z,899-1-1-01,,device_not_recording
1709166660000,2024-02-29T00:31:00Z,899-1-1-01,,device_not_recording
1709166720000,2024-02-29T00:32:00Z,899-1-1-01,,device_not_recording
1709166780000,2024-02-29T00:33:00Z,899-1-1-01,,device_not_recording
1709166840000,2024-02-29T00:34:00Z,899-1-1-01,,device_not_recording
1709166900000,2024-02-29T00:35:00Z,899-1-1-01,,device_not_recording
1709166960000,2024-02-29T00:36:00Z,899-1-1-01,,device_not_recording
1709167020000,2024-02-29T00:37:00Z,899-1-1-01,,device_not_recording
1709167080000,2024-02-29T00:38:00Z,899-1-1-01,,device_not_recording
1709167140000,2024-02-29T00:39:00Z,899-1-1-01,,device_not_recording
1709167200000,2024-02-29T00:40:00Z,899-1-1-01,,device_not_recording
1709167260000,2024-02-29T00:41:00Z,899-1-1-01,,device_not_recording
1709167320000,2024-02-29T00:42:00Z,899-1-1-01,,device_not_recording
1709167380000,2024-02-29T00:43:00Z,899-1-1-01,,device_not_recording
1709167440000,2024-02-29T00:44:00Z,899-1-1-01,,device_not_recording
1709167500000,2024-02-29T00:45:00Z,899-1-1-01,,device_not_recording
1709167560000,2024-02-29T00:46:00Z,899-1-1-01,,device_not_recording
1709167620000,2024-02-29T00:47:00Z,899-1-1-01,,device_not_recording
1709167680000,2024-02-29T00:48:00Z,899-1-1-01,,device_not_recording
1709167740000,2024-02-29T00:49:00Z,899-1-1-01,,device_not_recording
1709167800000,2024-02-29T00:50:00Z,899-1-1-01,,device_not_recording
1709167860000,2024-02-29T00:51:00Z,899-1-1-01,,device_not_recording
1709167920000,2024-02-29T00:52:00Z,899-1-1-01,,device_not_recording
1709167980000,2024-02-29T00:53:00Z,899-1-1-01,,device_not_recording
1709168040000,2024-02-29T00:54:00Z,899-1-1-01,,device_not_recording
1709168100000,2024-02-29T00:55:00Z,899-1-1-01,,device_not_recording
1709168160000,2024-02-29T00:56:00Z,899-1-1-01,,device_not_recording
1709168220000,2024-02-29T00:57:00Z,899-1-1-01,,device_not_recording
1709168280000,2024-02-29T00:58:00Z,899-1-1-01,,device_not_recording
1709168340000,2024-02-29T00:59:00Z,899-1-1-01,,device_not_recording
1709168400000,2024-02-29T01:00:00Z,899-1-1-01,,device_not_recording
1709168460000,2024-02-29T01:01:00Z,899-1-1-01,,device_not_recording
1709168520000,2024-02-29T01:02:00Z,899-1-1-01,,device_not_recording
1709168580000,2024-02-29T01:03:00Z,899-1-1-01,,device_not_recording
1709168640000,2024-02-29T01:04:00Z,899-1-1-01,,device_not_recording
1709168700000,2024-02-29T01:05:00Z,899-1-1-01,,device_not_recording
1709168760000,2024-02-29T01:06:00Z,899-1-1-01,,device_not_recording
1709168820000,2024-02-29T01:07:00Z,899-1-1-01,,device_not_recording
1709168880000,2024-02-29T01:08:00Z,899-1-1-01,,device_not_recording
1709168940000,2024-02-29T01:09:00Z,899-1-1-01,,device_not_recording
1709169000000,2024-02-29T01:10:00Z,899-1-1-01,,device_not_recording
1709169060000,2024-02-29T01:11:00Z,899-1-1-01,,device_not_recording
1709169120000,2024-02-29T01:12:00Z,899-1-1-01,,device_not_recording
1709169180000,2024-02-29T01:13:00Z,899-1-1-01,,device_not_recording
1709169240000,2024-02-29T01:14:00Z,899-1-1-01,,device_not_recording
1709169300000,2024-02-29T01:15:00Z,899-1-1-01,,device_not_recording
1709169360000,2024-02-29T01:16:00Z,899-1-1-01,,device_not_recording
1709169420000,2024-02-29T01:17:00Z,899-1-1-01,,device_not_recording
1709169480000,2024-02-29T01:18:00Z,899-1-1-01,,device_not_recording
1709169540000,2024-02-29T01:19:00Z,899-1-1-01,,device_not_recording
1709169600000,2024-02-29T01:20:00Z,899-1-1-01,,device_not_recording
1709169660000,2024-02-29T01:21:00Z,899-1-1-01,,device_not_recording
1709169720000,2024-02-29T01:22:00Z,899-1-1-01,,device_not_recording
1709169780000,2024-02-29T01:23:00Z,899-1-1-01,,device_not_recording
1709169840000,2024-02-29T01:24:00Z,899-1-1-01,,device_not_recording
1709169900000,2024-02-29T01:25:00Z,899-1-1-01,,device_not_recording
1709169960000,2024-02-29T01:26:00Z,899-1-1-01,,device_not_recording
1709170020000,2024-02-29T01:27:00Z,899-1-1-01,,device_not_recording
1709170080000,2024-02-29T01:28:00Z,899-1-1-01,,device_not_recording
1709170140000,2024-02-29T01:29:00Z,899-1-1-01,,device_not_recording
1709170200000,2024-02-29T01:30:00Z,899-1-1-01,,device_not_recording
1709170260000,2024-02-29T01:31:00Z,899-1-1-01,,device_not_recording
1709170320000,2024-02-29T01:32:00Z,899-1-1-01,,device_not_recording
1709170380000,2024-02-29T01:33:00Z,899-1-1-01,,device_not_recording
1709170440000,2024-02-29T01:34:00Z,899-1-1-01,,device_not_recording
1709170500000,2024-02-29T01:35:00Z,899-1-1-01,,device_not_recording
1709170560000,2024-02-29T01:36:00Z,899-1-1-01,,device_not_recording
1709170620000,2024-02-29T01:37:00Z,899-1-1-01,,device_not_recording
1709170680000,2024-02-29T01:38:00Z,899-1-1-01,,device_not_recording
1709170740000,2024-02-29T01:39:00Z,899-1-1-01,,device_not_recording
1709170800000,2024-02-29T01:40:00Z,899-1-1-01,,device_not_recording
1709170860000,2024-02-29T01:41:00Z,899-1-1-01,,device_not_recording
1709170920000,2024-02-29T01:42:00Z,899-1-1-01,,device_not_recording
1709170980000,2024-02-29T01:43:00Z,899-1-1-01,,device_not_recording
1709171040000,2024-02-29T01:44:00Z,899-1-1-01,,device_not_recording
1709171100000,2024-02-29T01:45:00Z,899-1-1-01,,device_not_recording
1709171160000,2024-02-29T01:46:00Z,899-1-1-01,,device_not_recording
1709171220000,2024-02-29T01:47:00Z,899-1-1-01,,device_not_recording
1709171280000,2024-02-29T01:48:00Z,899-1-1-01,,device_not_recording
1709171340000,2024-02-29T01:49:00Z,899-1-1-01,,device_not_recording
1709171400000,2024-02-29T01:50:00Z,899-1-1-01,,device_not_recording
1709171460000,2024-02-29T01:51:00Z,899-1-1-01,,device_not_recording
1709171520000,2024-02-29T01:52:00Z,899-1-1-01,,device_not_recording
1709171580000,2024-02-29T01:53:00Z,899-1-1-01,,device_not_recording
1709171640000,2024-02-29T01:54:00Z,899-1-1-01,,device_not_recording
1709171700000,2024-02-29T01:55:00Z,899-1-1-01,,device_not_recording
1709171760000,2024-02-29T01:56:00Z,899-1-1-01,,device_not_recording
1709171820000,2024-02-29T01:57:00Z,899-1-1-01,,device_not_recording
1709171880000,2024-02-29T01:58:00Z,899-1-1-01,,device_not_recording
1709171940000,2024-02-29T01:59:00Z,899-1-1-01,,device_not_recording
1709172000000,2024-02-29T02:00:00Z,899-1-1-01,,device_not_recording
1709172060000,2024-02-29T02:01:00Z,899-1-1-01,,device_not_recording
1709172120000,2024-02-29T02:02:00Z,899-1-1-01,,device_not_recording
1709172180000,2024-02-29T02:03:00Z,899-1-1-01,,device_not_recording
1709172240000,2024-02-29T02:04:00Z,899-1-1-01,,device_not_recording
1709172300000,2024-02-29T02:05:00Z,899-1-1-01,,device_not_recording
1709172360000,2024-02-29T02:06:00Z,899-1-1-01,,device_not_recording
1709172420000,2024-02-29T02:07:00Z,899-1-1-01,,device_not_recording
1709172480000,2024-02-29T02:08:00Z,899-1-1-01,,device_not_recording
1709172540000,2024-02-29T02:09:00Z,899-1-1-01,,device_not_recording
1709172600000,2024-02-29T02:10:00Z,899-1-1-01,,device_not_recording
1709172660000,2024-02-29T02:11:00Z,899-1-1-01,,device_not_recording
1709172720000,2024-02-29T02:12:00Z,899-1-1-01,,device_not_recording
1709172780000,2024-02-29T02:13:00Z,899-1-1-01,,device_not_recording
1709172840000,2024-02-29T02:14:00Z,899-1-1-01,,device_not_recording
1709172900000,2024-02-29T02:15:00Z,899-1-1-01,,device_not_recording
1709172960000,2024-02-29T02:16:00Z,899-1-1-01,,device_not_recording
1709173020000,2024-02-29T02:17:00Z,899-1-1-01,,device_not_recording
1709173080000,2024-02-29T02:18:00Z,899-1-1-01,,device_not_recording
1709173140000,2024-02-29T02:19:00Z,899-1-1-01,,device_not_recording
1709173200000,2024-02-29T02:20:00Z,899-1-1-01,,device_not_recording
1709173260000,2024-02-29T02:21:00Z,899-1-1-01,,device_not_recording
1709173320000,2024-02-29T02:22:00Z,899-1-1-01,,device_not_recording
1709173380000,2024-02-29T02:23:00Z,899-1-1-01,,device_not_recording
1709173440000,2024-02-29T02:24:00Z,899-1-1-01,,device_not_recording
1709173500000,2024-02-29T02:25:00Z,899-1-1-01,,device_not_recording
1709173560000,2024-02-29T02:26:00Z,899-1-1-01,,device_not_recording
1709173620000,2024-02-29T02:27:00Z,899-1-1-01,,device_not_recording
1709173680000,2024-02-29T02:28:00Z,899-1-1-01,,device_not_recording
1709173740000,2024-02-29T02:29:00Z,899-1-1-01,,device_not_recording
1709173800000,2024-02-29T02:30:00Z,899-1-1-01,,device_not_recording
1709173860000,2024-02-29T02:31:00Z,899-1-1-01,,device_not_recording
1709173920000,2024-02-29T02:32:00Z,899-1-1-01,,device_not_recording
1709173980000,2024-02-29T02:33:00Z,899-1-1-01,,device_not_recording
1709174040000,2024-02-29T02:34:00Z,899-1-1-01,,device_not_recording
1709174100000,2024-02-29T02:35:00Z,899-1-1-01,,device_not_recording
1709174160000,2024-02-29T02:36:00Z,899-1-1-01,,device_not_recording
1709174220000,2024-02-29T02:37:00Z,899-1-1-01,,device_not_recording
1709174280000,2024-02-29T02:38:00Z,899-1-1-01,,device_not_recording
1709174340000,2024-02-29T02:39:00Z,899-1-1-01,,device_not_recording
1709174400000,2024-02-29T02:40:00Z,899-1-1-01,,device_not_recording
1709174460000,2024-02-29T02:41:00Z,899-1-1-01,,device_not_recording
1709174520000,2024-02-29T02:42:00Z,899-1-1-01,,device_not_recording
1709174580000,2024-02-29T02:43:00Z,899-1-1-01,,device_not_recording
1709174640000,2024-02-29T02:44:00Z,899-1-1-01,,device_not_recording
1709174700000,2024-02-29T02:45:00Z,899-1-1-01,,device_not_recording
1709174760000,2024-02-29T02:46:00Z,899-1-1-01,,device_not_recording
1709174820000,2024-02-29T02:47:00Z,899-1-1-01,,device_not_recording
1709174880000,2024-02-29T02:48:00Z,899-1-1-01,,device_not_recording
1709174940000,2024-02-29T02:49:00Z,899-1-1-01,,device_not_recording
1709175000000,2024-02-29T02:50:00Z,899-1-1-01,,device_not_recording
1709175060000,2024-02-29T02:51:00Z,899-1-1-01,,device_not_recording
1709175120000,2024-02-29T02:52:00Z,899-1-1-01,,device_not_recording
1709175180000,2024-02-29T02:53:00Z,899-1-1-01,,device_not_recording
1709175240000,2024-02-29T02:54:00Z,899-1-1-01,,device_not_recording
1709175300000,2024-02-29T02:55:00Z,899-1-1-01,,device_not_recording
1709175360000,2024-02-29T02:56:00Z,899-1-1-01,,device_not_recording
1709175420000,2024-02-29T02:57:00Z,899-1-1-01,,device_not_recording
1709175480000,2024-02-29T02:58:00Z,899-1-1-01,,device_not_recording
1709175540000,2024-02-29T02:59:00Z,899-1-1-01,,device_not_recording
1709175600000,2024-02-29T03:00:00Z,899-1-1-01,,device_not_recording
1709175660000,2024-02-29T03:01:00Z,899-1-1-01,,device_not_recording
1709175720000,2024-02-29T03:02:00Z,899-1-1-01,,device_not_recording
1709175780000,2024-02-29T03:03:00Z,899-1-1-01,,device_not_recording
1709175840000,2024-02-29T03:04:00Z,899-1-1-01,,device_not_recording
1709175900000,2024-02-29T03:05:00Z,899-1-1-01,,device_not_recording
1709175960000,2024-02-29T03:06:00Z,899-1-1-01,,device_not_recording
1709176020000,2024-02-29T03:07:00Z,899-1-1-01,,device_not_recording
1709176080000,2024-02-29T03:08:00Z,899-1-1-01,,device_not_recording
1709176140000,2024-02-29T03:09:00Z,899-1-1-01,,device_not_recording
1709176200000,2024-02-29T03:10:00Z,899-1-1-01,,device_not_recording
1709176260000,2024-02-29T03:11:00Z,899-1-1-01,,device_not_recording
1709176320000,2024-02-29T03:12:00Z,899-1-1-01,,device_not_recording
1709176380000,2024-02-29T03:13:00Z,899-1-1-01,,device_not_recording
1709176440000,2024-02-29T03:14:00Z,899-1-1-01,,device_not_recording
1709176500000,2024-02-29T03:15:00Z,899-1-1-01,,device_not_recording
1709176560000,2024-02-29T03:16:00Z,899-1-1-01,,device_not_recording
1709176620000,2024-02-29T03:17:00Z,899-1-1-01,,device_not_recording
1709176680000,2024-02-29T03:18:00Z,899-1-1-01,,device_not_recording
1709176740000,2024-02-29T03:19:00Z,899-1-1-01,,device_not_recording
1709176800000,2024-02-29T03:20:00Z,899-1-1-01,,device_not_recording
1709176860000,2024-02-29T03:21:00Z,899-1-1-01,,device_not_recording
1709176920000,2024-02-29T03:22:00Z,899-1-1-01,,device_not_recording
1709176980000,2024-02-29T03:23:00Z,899-1-1-01,,device_not_recording
1709177040000,2024-02-29T03:24:00Z,899-1-1-01,,device_not_recording
1709177100000,2024-02-29T03:25:00Z,899-1-1-01,,device_not_recording
1709177160000,2024-02-29T03:26:00Z,899-1-1-01,,device_not_recording
1709177220000,2024-02-29T03:27:00Z,899-1-1-01,,device_not_recording
1709177280000,2024-02-29T03:28:00Z,899-1-1-01,,device_not_recording
1709177340000,2024-02-29T03:29:00Z,899-1-1-01,,device_not_recording
1709177400000,2024-02-29T03:30:00Z,899-1-1-01,,device_not_recording
1709177460000,2024-02-29T03:31:00Z,899-1-1-01,,device_not_recording
1709177520000,2024-02-29T03:32:00Z,899-1-1-01,,device_not_recording
1709177580000,2024-02-29T03:33:00Z,899-1-1-01,,device_not_recording
1709177640000,2024-02-29T03:34:00Z,899-1-1-01,,device_not_recording
1709177700000,2024-02-29T03:35:00Z,899-1-1-01,,device_not_recording
1709177760000,2024-02-29T03:36:00Z,899-1-1-01,,device_not_recording
1709177820000,2024-02-29T03:37:00Z,899-1-1-01,,device_not_recording
1709177880000,2024-02-29T03:38:00Z,899-1-1-01,,device_not_recording
1709177940000,2024-02-29T03:39:00Z,899-1-1-01,,device_not_recording
1709178000000,2024-02-29T03:40:00Z,899-1-1-01,,device_not_recording
1709178060000,2024-02-29T03:41:00Z,899-1-1-01,,device_not_recording
1709178120000,2024-02-29T03:42:00Z,899-1-1-01,,device_not_recording
1709178180000,2024-02-29T03:43:00Z,899-1-1-01,,device_not_recording
1709178240000,2024-02-29T03:44:00Z,899-1-1-01,,device_not_recording
1709178300000,2024-02-29T03:45:00Z,899-1-1-01,,device_not_recording
1709178360000,2024-02-29T03:46:00Z,899-1-1-01,,device_not_recording
1709178420000,2024-02-29T03:47:00Z,899-1-1-01,,device_not_recording
1709178480000,2024-02-29T03:48:00Z,899-1-1-01,,device_not_recording
1709178540000,2024-02-29T03:49:00Z,899-1-1-01,,device_not_recording
1709178600000,2024-02-29T03:50:00Z,899-1-1-01,,device_not_recording
1709178660000,2024-02-29T03:51:00Z,899-1-1-01,,device_not_recording
1709178720000,2024-02-29T03:52:00Z,899-1-1-01,,device_not_recording
1709178780000,2024-02-29T03:53:00Z,899-1-1-01,,device_not_recording
1709178840000,2024-02-29T03:54:00Z,899-1-1-01,,device_not_recording
1709178900000,2024-02-29T03:55:00Z,899-1-1-01,,device_not_recording
1709178960000,2024-02-29T03:56:00Z,899-1-1-01,,device_not_recording
1709179020000,2024-02-29T03:57:00Z,899-1-1-01,,device_not_recording
1709179080000,2024-02-29T03:58:00Z,899-1-1-01,,device_not_recording
1709179140000,2024-02-29T03:59:00Z,899-1-1-01,,device_not_recording
1709179200000,2024-02-29T04:00:00Z,899-1-1-01,,device_not_recording
1709179260000,2024-02-29T04:01:00Z,899-1-1-01,,device_not_recording
1709179320000,2024-02-29T04:02:00Z,899-1-1-01,,device_not_recording
1709179380000,2024-02-29T04:03:00Z,899-1-1-01,,device_not_recording
1709179440000,2024-02-29T04:04:00Z,899-1-1-01,,device_not_recording
1709179500000,2024-02-29T04:05:00Z,899-1-1-01,,device_not_recording
1709179560000,2024-02-29T04:06:00Z,899-1-1-01,,device_not_recording
1709179620000,2024-02-29T04:07:00Z,899-1-1-01,,device_not_recording
1709179680000,2024-02-29T04:08:00Z,899-1-1-01,,device_not_recording
1709179740000,2024-02-29T04:09:00Z,899-1-1-01,,device_not_recording
1709179800000,2024-02-29T04:10:00Z,899-1-1-01,,device_not_recording
1709179860000,2024-02-29T04:11:00Z,899-1-1-01,,device_not_recording
1709179920000,2024-02-29T04:12:00Z,899-1-1-01,,device_not_recording
1709179980000,2024-02-29T04:13:00Z,899-1-1-01,,device_not_recording
1709180040000,2024-02-29T04:14:00Z,899-1-1-01,,device_not_recording
1709180100000,2024-02-29T04:15:00Z,899-1-1-01,,device_not_recording
1709180160000,2024-02-29T04:16:00Z,899-1-1-01,,device_not_recording
1709180220000,2024-02-29T04:17:00Z,899-1-1-01,,device_not_recording
1709180280000,2024-02-29T04:18:00Z,899-1-1-01,,device_not_recording
1709180340000,2024-02-29T04:19:00Z,899-1-1-01,,device_not_recording
1709180400000,2024-02-29T04:20:00Z,899-1-1-01,,device_not_recording
1709180460000,2024-02-29T04:21:00Z,899-1-1-01,,device_not_recording
1709180520000,2024-02-29T04:22:00Z,899-1-1-01,,device_not_recording
1709180580000,2024-02-29T04:23:00Z,899-1-1-01,,device_not_recording
1709180640000,2024-02-29T04:24:00Z,899-1-1-01,,device_not_recording
1709180700000,2024-02-29T04:25:00Z,899-1-1-01,,device_not_recording
1709180760000,2024-02-29T04:26:00Z,899-1-1-01,,device_not_recording
1709180820000,2024-02-29T04:27:00Z,899-1-1-01,,device_not_recording
1709180880000,2024-02-29T04:28:00Z,899-1-1-01,,device_not_recording
1709180940000,2024-02-29T04:29:00Z,899-1-1-01,,device_not_recording
1709181000000,2024-02-29T04:30:00Z,899-1-1-01,,device_not_recording
1709181060000,2024-02-29T04:31:00Z,899-1-1-01,,device_not_recording
1709181120000,2024-02-29T04:32:00Z,899-1-1-01,,device_not_recording
1709181180000,2024-02-29T04:33:00Z,899-1-1-01,,device_not_recording
1709181240000,2024-02-29T04:34:00Z,899-1-1-01,,device_not_recording
1709181300000,2024-02-29T04:35:00Z,899-1-1-01,,device_not_recording
1709181360000,2024-02-29T04:36:00Z,899-1-1-01,,device_not_recording
1709181420000,2024-02-29T04:37:00Z,899-1-1-01,,device_not_recording
1709181480000,2024-02-29T04:38:00Z,899-1-1-01,,device_not_recording
1709181540000,2024-02-29T04:39:00Z,899-1-1-01,,device_not_recording
1709181600000,2024-02-29T04:40:00Z,899-1-1-01,,device_not_recording
1709181660000,2024-02-29T04:41:00Z,899-1-1-01,,device_not_recording
1709181720000,2024-02-29T04:42:00Z,899-1-1-01,,device_not_recording
1709181780000,2024-02-29T04:43:00Z,899-1-1-01,,device_not_recording
1709181840000,2024-02-29T04:44:00Z,899-1-1-01,,device_not_recording
1709181900000,2024-02-29T04:45:00Z,899-1-1-01,,device_not_recording
1709181960000,2024-02-29T04:46:00Z,899-1-1-01,,device_not_recording
1709182020000,2024-02-29T04:47:00Z,899-1-1-01,,device_not_recording
1709182080000,2024-02-29T04:48:00Z,899-1-1-01,,device_not_recording
1709182140000,2024-02-29T04:49:00Z,899-1-1-01,,device_not_recording
1709182200000,2024-02-29T04:50:00Z,899-1-1-01,,device_not_recording
1709182260000,2024-02-29T04:51:00Z,899-1-1-01,,device_not_recording
1709182320000,2024-02-29T04:52:00Z,899-1-1-01,,device_not_recording
1709182380000,2024-02-29T04:53:00Z,899-1-1-01,,device_not_recording
1709182440000,2024-02-29T04:54:00Z,899-1-1-01,,device_not_recording
1709182500000,2024-02-29T04:55:00Z,899-1-1-01,,device_not_recording
1709182560000,2024-02-29T04:56:00Z,899-1-1-01,,device_not_recording
1709182620000,2024-02-29T04:57:00Z,899-1-1-01,,device_not_recording
1709182680000,2024-02-29T04:58:00Z,899-1-1-01,,device_not_recording
1709182740000,2024-02-29T04:59:00Z,899-1-1-01,,device_not_recording
1709182800000,2024-02-29T05:00:00Z,899-1-1-01,,device_not_recording
1709182860000,2024-02-29T05:01:00Z,899-1-1-01,,device_not_recording
1709182920000,2024-02-29T05:02:00Z,899-1-1-01,,device_not_recording
1709182980000,2024-02-29T05:03:00Z,899-1-1-01,,device_not_recording
1709183040000,2024-02-29T05:04:00Z,899-1-1-01,,device_not_recording
1709183100000,2024-02-29T05:05:00Z,899-1-1-01,,device_not_recording
1709183160000,2024-02-29T05:06:00Z,899-1-1-01,,device_not_recording
1709183220000,2024-02-29T05:07:00Z,899-1-1-01,,device_not_recording
1709183280000,2024-02-29T05:08:00Z,899-1-1-01,,device_not_recording
1709183340000,2024-02-29T05:09:00Z,899-1-1-01,,device_not_recording
1709183400000,2024-02-29T05:10:00Z,899-1-1-01,,device_not_recording
1709183460000,2024-02-29T05:11:00Z,899-1-1-01,,device_not_recording
1709183520000,2024-02-29T05:12:00Z,899-1-1-01,,device_not_recording
1709183580000,2024-02-29T05:13:00Z,899-1-1-01,,device_not_recording
1709183640000,2024-02-29T05:14:00Z,899-1-1-01,,device_not_recording
1709183700000,2024-02-29T05:15:00Z,899-1-1-01,,device_not_recording
1709183760000,2024-02-29T05:16:00Z,899-1-1-01,,device_not_recording
1709183820000,2024-02-29T05:17:00Z,899-1-1-01,,device_not_recording
1709183880000,2024-02-29T05:18:00Z,899-1-1-01,,device_not_recording
1709183940000,2024-02-29T05:19:00Z,899-1-1-01,,device_not_recording
1709184000000,2024-02-29T05:20:00Z,899-1-1-01,,device_not_recording
1709184060000,2024-02-29T05:21:00Z,899-1-1-01,,device_not_recording
1709184120000,2024-02-29T05:22:00Z,899-1-1-01,,device_not_recording
1709184180000,2024-02-29T05:23:00Z,899-1-1-01,,device_not_recording
1709184240000,2024-02-29T05:24:00Z,899-1-1-01,,device_not_recording
1709184300000,2024-02-29T05:25:00Z,899-1-1-01,,device_not_recording
1709184360000,2024-02-29T05:26:00Z,899-1-1-01,,device_not_recording
1709184420000,2024-02-29T05:27:00Z,899-1-1-01,,device_not_recording
1709184480000,2024-02-29T05:28:00Z,899-1-1-01,,device_not_recording
1709184540000,2024-02-29T05:29:00Z,899-1-1-01,,device_not_recording
1709184600000,2024-02-29T05:30:00Z,899-1-1-01,,device_not_recording
1709184660000,2024-02-29T05:31:00Z,899-1-1-01,,device_not_recording
1709184720000,2024-02-29T05:32:00Z,899-1-1-01,,device_not_recording
1709184780000,2024-02-29T05:33:00Z,899-1-1-01,,device_not_recording
1709184840000,2024-02-29T05:34:00Z,899-1-1-01,,device_not_recording
1709184900000,2024-02-29T05:35:00Z,899-1-1-01,,device_not_recording
1709184960000,2024-02-29T05:36:00Z,899-1-1-01,,device_not_recording
1709185020000,2024-02-29T05:37:00Z,899-1-1-01,,device_not_recording
1709185080000,2024-02-29T05:38:00Z,899-1-1-01,,device_not_recording
1709185140000,2024-02-29T05:39:00Z,899-1-1-01,,device_not_recording
1709185200000,2024-02-29T05:40:00Z,899-1-1-01,,device_not_recording
1709185260000,2024-02-29T05:41:00Z,899-1-1-01,,device_not_recording
1709185320000,2024-02-29T05:42:00Z,899-1-1-01,,device_not_recording
1709185380000,2024-02-29T05:43:00Z,899-1-1-01,,device_not_recording
1709185440000,2024-02-29T05:44:00Z,899-1-1-01,,device_not_recording
1709185500000,2024-02-29T05:45:00Z,899-1-1-01,,device_not_recording
1709185560000,2024-02-29T05:46:00Z,899-1-1-01,,device_not_recording
1709185620000,2024-02-29T05:47:00Z,899-1-1-01,,device_not_recording
1709185680000,2024-02-29T05:48:00Z,899-1-1-01,,device_not_recording
1709185740000,2024-02-29T05:49:00Z,899-1-1-01,,device_not_recording
1709185800000,2024-02-29T05:50:00Z,899-1-1-01,,device_not_recording
1709185860000,2024-02-29T05:51:00Z,899-1-1-01,,device_not_recording
1709185920000,2024-02-29T05:52:00Z,899-1-1-01,,device_not_recording
1709185980000,2024-02-29T05:53:00Z,899-1-1-01,,device_not_recording
1709186040000,2024-02-29T05:54:00Z,899-1-1-01,,device_not_recording
1709186100000,2024-02-29T05:55:00Z,899-1-1-01,,device_not_recording
1709186160000,2024-02-29T05:56:00Z,899-1-1-01,,device_not_recording
1709186220000,2024-02-29T05:57:00Z,899-1-1-01,,device_not_recording
1709186280000,2024-02-29T05:58:00Z,899-1-1-01,,device_not_recording
1709186340000,2024-02-29T05:59:00Z,899-1-1-01,,device_not_recording
1709186400000,2024-02-29T06:00:00Z,899-1-1-01,,device_not_recording
1709186460000,2024-02-29T06:01:00Z,899-1-1-01,,device_not_recording
1709186520000,2024-02-29T06:02:00Z,899-1-1-01,,device_not_recording
1709186580000,2024-02-29T06:03:00Z,899-1-1-01,,device_not_recording
1709186640000,2024-02-29T06:04:00Z,899-1-1-01,,device_not_recording
1709186700000,2024-02-29T06:05:00Z,899-1-1-01,,device_not_recording
1709186760000,2024-02-29T06:06:00Z,899-1-1-01,,device_not_recording
1709186820000,2024-02-29T06:07:00Z,899-1-1-01,,device_not_recording
1709186880000,2024-02-29T06:08:00Z,899-1-1-01,,device_not_recording
1709186940000,2024-02-29T06:09:00Z,899-1-1-01,,device_not_recording
1709187000000,2024-02-29T06:10:00Z,899-1-1-01,,device_not_recording
1709187060000,2024-02-29T06:11:00Z,899-1-1-01,,device_not_recording
1709187120000,2024-02-29T06:12:00Z,899-1-1-01,,device_not_recording
1709187180000,2024-02-29T06:13:00Z,899-1-1-01,,device_not_recording
1709187240000,2024-02-29T06:14:00Z,899-1-1-01,,device_not_recording
1709187300000,2024-02-29T06:15:00Z,899-1-1-01,,device_not_recording
1709187360000,2024-02-29T06:16:00Z,899-1-1-01,,device_not_recording
1709187420000,2024-02-29T06:17:00Z,899-1-1-01,,device_not_recording
1709187480000,2024-02-29T06:18:00Z,899-1-1-01,,device_not_recording
1709187540000,2024-02-29T06:19:00Z,899-1-1-01,,device_not_recording
1709187600000,2024-02-29T06:20:00Z,899-1-1-01,,device_not_recording
1709187660000,2024-02-29T06:21:00Z,899-1-1-01,,device_not_recording
1709187720000,2024-02-29T06:22:00Z,899-1-1-01,,device_not_recording
1709187780000,2024-02-29T06:23:00Z,899-1-1-01,,device_not_recording
1709187840000,2024-02-29T06:24:00Z,899-1-1-01,,device_not_recording
1709187900000,2024-02-29T06:25:00Z,899-1-1-01,,device_not_recording
1709187960000,2024-02-29T06:26:00Z,899-1-1-01,,device_not_recording
1709188020000,2024-02-29T06:27:00Z,899-1-1-01,,device_not_recording
1709188080000,2024-02-29T06:28:00Z,899-1-1-01,,device_not_recording
1709188140000,2024-02-29T06:29:00Z,899-1-1-01,,device_not_recording
1709188200000,2024-02-29T06:30:00Z,899-1-1-01,,device_not_recording
1709188260000,2024-02-29T06:31:00Z,899-1-1-01,,device_not_recording
1709188320000,2024-02-29T06:32:00Z,899-1-1-01,,device_not_recording
1709188380000,2024-02-29T06:33:00Z,899-1-1-01,,device_not_recording
1709188440000,2024-02-29T06:34:00Z,899-1-1-01,,device_not_recording
1709188500000,2024-02-29T06:35:00Z,899-1-1-01,,device_not_recording
1709188560000,2024-02-29T06:36:00Z,899-1-1-01,,device_not_recording
1709188620000,2024-02-29T06:37:00Z,899-1-1-01,,device_not_recording
1709188680000,2024-02-29T06:38:00Z,899-1-1-01,,device_not_recording
1709188740000,2024-02-29T06:39:00Z,899-1-1-01,,device_not_recording
1709188800000,2024-02-29T06:40:00Z,899-1-1-01,,device_not_recording
1709188860000,2024-02-29T06:41:00Z,899-1-1-01,,device_not_recording
1709188920000,2024-02-29T06:42:00Z,899-1-1-01,,device_not_recording
1709188980000,2024-02-29T06:43:00Z,899-1-1-01,,device_not_recording
1709189040000,2024-02-29T06:44:00Z,899-1-1-01,,device_not_recording
1709189100000,2024-02-29T06:45:00Z,899-1-1-01,,device_not_recording
1709189160000,2024-02-29T06:46:00Z,899-1-1-01,,device_not_recording
1709189220000,2024-02-29T06:47:00Z,899-1-1-01,,device_not_recording
1709189280000,2024-02-29T06:48:00Z,899-1-1-01,,device_not_recording
1709189340000,2024-02-29T06:49:00Z,899-1-1-01,,device_not_recording
1709189400000,2024-02-29T06:50:00Z,899-1-1-01,,device_not_recording
1709189460000,2024-02-29T06:51:00Z,899-1-1-01,,device_not_recording
1709189520000,2024-02-29T06:52:00Z,899-1-1-01,,device_not_recording
1709189580000,2024-02-29T06:53:00Z,899-1-1-01,,device_not_recording
1709189640000,2024-02-29T06:54:00Z,899-1-1-01,,device_not_recording
1709189700000,2024-02-29T06:55:00Z,899-1-1-01,,device_not_recording
1709189760000,2024-02-29T06:56:00Z,899-1-1-01,,device_not_recording
1709189820000,2024-02-29T06:57:00Z,899-1-1-01,,device_not_recording
1709189880000,2024-02-29T06:58:00Z,899-1-1-01,,device_not_recording
1709189940000,2024-02-29T06:59:00Z,899-1-1-01,,device_not_recording
1709190000000,2024-02-29T07:00:00Z,899-1-1-01,,device_not_recording
1709190060000,2024-02-29T07:01:00Z,899-1-1-01,,device_not_recording
1709190120000,2024-02-29T07:02:00Z,899-1-1-01,,device_not_recording
1709190180000,2024-02-29T07:03:00Z,899-1-1-01,,device_not_recording
1709190240000,2024-02-29T07:04:00Z,899-1-1-01,,device_not_recording
1709190300000,2024-02-29T07:05:00Z,899-1-1-01,,device_not_recording
1709190360000,2024-02-29T07:06:00Z,899-1-1-01,,device_not_recording
1709190420000,2024-02-29T07:07:00Z,899-1-1-01,,device_not_recording
1709190480000,2024-02-29T07:08:00Z,899-1-1-01,,device_not_recording
1709190540000,2024-02-29T07:09:00Z,899-1-1-01,,device_not_recording
1709190600000,2024-02-29T07:10:00Z,899-1-1-01,,device_not_recording
1709190660000,2024-02-29T07:11:00Z,899-1-1-01,,device_not_recording
1709190720000,2024-02-29T07:12:00Z,899-1-1-01,,device_not_recording
1709190780000,2024-02-29T07:13:00Z,899-1-1-01,,device_not_recording
1709190840000,2024-02-29T07:14:00Z,899-1-1-01,,device_not_recording
1709190900000,2024-02-29T07:15:00Z,899-1-1-01,,device_not_recording
1709190960000,2024-02-29T07:16:00Z,899-1-1-01,,device_not_recording
1709191020000,2024-02-29T07:17:00Z,899-1-1-01,,device_not_recording
1709191080000,2024-02-29T07:18:00Z,899-1-1-01,,device_not_recording
1709191140000,2024-02-29T07:19:00Z,899-1-1-01,,device_not_recording
1709191200000,2024-02-29T07:20:00Z,899-1-1-01,,device_not_recording
1709191260000,2024-02-29T07:21:00Z,899-1-1-01,,device_not_recording
1709191320000,2024-02-29T07:22:00Z,899-1-1-01,,device_not_recording
1709191380000,2024-02-29T07:23:00Z,899-1-1-01,,device_not_recording
1709191440000,2024-02-29T07:24:00Z,899-1-1-01,,device_not_recording
1709191500000,2024-02-29T07:25:00Z,899-1-1-01,,device_not_recording
1709191560000,2024-02-29T07:26:00Z,899-1-1-01,,device_not_recording
1709191620000,2024-02-29T07:27:00Z,899-1-1-01,,device_not_recording
1709191680000,2024-02-29T07:28:00Z,899-1-1-01,,device_not_recording
1709191740000,2024-02-29T07:29:00Z,899-1-1-01,,device_not_recording
1709191800000,2024-02-29T07:30:00Z,899-1-1-01,,device_not_recording
1709191860000,2024-02-29T07:31:00Z,899-1-1-01,,device_not_recording
1709191920000,2024-02-29T07:32:00Z,899-1-1-01,,device_not_recording
1709191980000,2024-02-29T07:33:00Z,899-1-1-01,,device_not_recording
1709192040000,2024-02-29T07:34:00Z,899-1-1-01,,device_not_recording
1709192100000,2024-02-29T07:35:00Z,899-1-1-01,,device_not_recording
1709192160000,2024-02-29T07:36:00Z,899-1-1-01,,device_not_recording
1709192220000,2024-02-29T07:37:00Z,899-1-1-01,,device_not_recording
1709192280000,2024-02-29T07:38:00Z,899-1-1-01,,device_not_recording
1709192340000,2024-02-29T07:39:00Z,899-1-1-01,,device_not_recording
1709192400000,2024-02-29T07:40:00Z,899-1-1-01,,device_not_recording
1709192460000,2024-02-29T07:41:00Z,899-1-1-01,,device_not_recording
1709192520000,2024-02-29T07:42:00Z,899-1-1-01,,device_not_recording
1709192580000,2024-02-29T07:43:00Z,899-1-1-01,,device_not_recording
1709192640000,2024-02-29T07:44:00Z,899-1-1-01,,device_not_recording
1709192700000,2024-02-29T07:45:00Z,899-1-1-01,,device_not_recording
1709192760000,2024-02-29T07:46:00Z,899-1-1-01,,device_not_recording
1709192820000,2024-02-29T07:47:00Z,899-1-1-01,,device_not_recording
1709192880000,2024-02-29T07:48:00Z,899-1-1-01,,device_not_recording
1709192940000,2024-02-29T07:49:00Z,899-1-1-01,,device_not_recording
1709193000000,2024-02-29T07:50:00Z,899-1-1-01,,device_not_recording
1709193060000,2024-02-29T07:51:00Z,899-1-1-01,,device_not_recording
1709193120000,2024-02-29T07:52:00Z,899-1-1-01,,device_not_recording
1709193180000,2024-02-29T07:53:00Z,899-1-1-01,,device_not_recording
1709193240000,2024-02-29T07:54:00Z,899-1-1-01,,device_not_recording
1709193300000,2024-02-29T07:55:00Z,899-1-1-01,,device_not_recording
1709193360000,2024-02-29T07:56:00Z,899-1-1-01,,device_not_recording
1709193420000,2024-02-29T07:57:00Z,899-1-1-01,,device_not_recording
1709193480000,2024-02-29T07:58:00Z,899-1-1-01,,device_not_recording
1709193540000,2024-02-29T07:59:00Z,899-1-1-01,,device_not_recording
1709193600000,2024-02-29T08:00:00Z,899-1-1-01,,device_not_recording
1709193660000,2024-02-29T08:01:00Z,899-1-1-01,,device_not_recording
1709193720000,2024-02-29T08:02:00Z,899-1-1-01,,device_not_recording
1709193780000,2024-02-29T08:03:00Z,899-1-1-01,,device_not_recording
1709193840000,2024-02-29T08:04:00Z,899-1-1-01,,device_not_recording
1709193900000,2024-02-29T08:05:00Z,899-1-1-01,,device_not_recording
1709193960000,2024-02-29T08:06:00Z,899-1-1-01,,device_not_recording
1709194020000,2024-02-29T08:07:00Z,899-1-1-01,,device_not_recording
1709194080000,2024-02-29T08:08:00Z,899-1-1-01,,device_not_recording
1709194140000,2024-02-29T08:09:00Z,899-1-1-01,,device_not_recording
1709194200000,2024-02-29T08:10:00Z,899-1-1-01,,device_not_recording
1709194260000,2024-02-29T08:11:00Z,899-1-1-01,,device_not_recording
1709194320000,2024-02-29T08:12:00Z,899-1-1-01,,device_not_recording
1709194380000,2024-02-29T08:13:00Z,899-1-1-01,,device_not_recording
1709194440000,2024-02-29T08:14:00Z,899-1-1-01,,device_not_recording
1709194500000,2024-02-29T08:15:00Z,899-1-1-01,,device_not_recording
1709194560000,2024-02-29T08:16:00Z,899-1-1-01,,device_not_recording
1709194620000,2024-02-29T08:17:00Z,899-1-1-01,,device_not_recording
1709194680000,2024-02-29T08:18:00Z,899-1-1-01,,device_not_recording
1709194740000,2024-02-29T08:19:00Z,899-1-1-01,,device_not_recording
1709194800000,2024-02-29T08:20:00Z,899-1-1-01,,device_not_recording
1709194860000,2024-02-29T08:21:00Z,899-1-1-01,,device_not_recording
1709194920000,2024-02-29T08:22:00Z,899-1-1-01,,device_not_recording
1709194980000,2024-02-29T08:23:00Z,899-1-1-01,,device_not_recording
1709195040000,2024-02-29T08:24:00Z,899-1-1-01,,device_not_recording
1709195100000,2024-02-29T08:25:00Z,899-1-1-01,,device_not_recording
1709195160000,2024-02-29T08:26:00Z,899-1-1-01,,device_not_recording
1709195220000,2024-02-29T08:27:00Z,899-1-1-01,,device_not_recording
1709195280000,2024-02-29T08:28:00Z,899-1-1-01,,device_not_recording
1709195340000,2024-02-29T08:29:00Z,899-1-1-01,,device_not_recording
1709195400000,2024-02-29T08:30:00Z,899-1-1-01,,device_not_recording
1709195460000,2024-02-29T08:31:00Z,899-1-1-01,,device_not_recording
1709195520000,2024-02-29T08:32:00Z,899-1-1-01,,device_not_recording
1709195580000,2024-02-29T08:33:00Z,899-1-1-01,,device_not_recording
1709195640000,2024-02-29T08:34:00Z,899-1-1-01,,device_not_recording
1709195700000,2024-02-29T08:35:00Z,899-1-1-01,,device_not_recording
1709195760000,2024-02-29T08:36:00Z,899-1-1-01,,device_not_recording
1709195820000,2024-02-29T08:37:00Z,899-1-1-01,,device_not_recording
1709195880000,2024-02-29T08:38:00Z,899-1-1-01,,device_not_recording
1709195940000,2024-02-29T08:39:00Z,899-1-1-01,,device_not_recording
1709196000000,2024-02-29T08:40:00Z,899-1-1-01,,device_not_recording
1709196060000,2024-02-29T08:41:00Z,899-1-1-01,,device_not_recording
1709196120000,2024-02-29T08:42:00Z,899-1-1-01,,device_not_recording
1709196180000,2024-02-29T08:43:00Z,899-1-1-01,,device_not_recording
1709196240000,2024-02-29T08:44:00Z,899-1-1-01,,device_not_recording
1709196300000,2024-02-29T08:45:00Z,899-1-1-01,,device_not_recording
1709196360000,2024-02-29T08:46:00Z,899-1-1-01,,device_not_recording
1709196420000,2024-02-29T08:47:00Z,899-1-1-01,,device_not_recording
1709196480000,2024-02-29T08:48:00Z,899-1-1-01,,device_not_recording
1709196540000,2024-02-29T08:49:00Z,899-1-1-01,,device_not_recording
1709196600000,2024-02-29T08:50:00Z,899-1-1-01,,device_not_recording
1709196660000,2024-02-29T08:51:00Z,899-1-1-01,,device_not_recording
1709196720000,2024-02-29T08:52:00Z,899-1-1-01,,device_not_recording
1709196780000,2024-02-29T08:53:00Z,899-1-1-01,,device_not_recording
1709196840000,2024-02-29T08:54:00Z,899-1-1-01,,device_not_recording
1709196900000,2024-02-29T08:55:00Z,899-1-1-01,,device_not_recording
1709196960000,2024-02-29T08:56:00Z,899-1-1-01,,device_not_recording
1709197020000,2024-02-29T08:57:00Z,899-1-1-01,,device_not_recording
1709197080000,2024-02-29T08:58:00Z,899-1-1-01,,device_not_recording
1709197140000,2024-02-29T08:59:00Z,899-1-1-01,,device_not_recording
1709197200000,2024-02-29T09:00:00Z,899-1-1-01,,device_not_recording
1709197260000,2024-02-29T09:01:00Z,899-1-1-01,,device_not_recording
1709197320000,2024-02-29T09:02:00Z,899-1-1-01,,device_not_recording
1709197380000,2024-02-29T09:03:00Z,899-1-1-01,,device_not_recording
1709197440000,2024-02-29T09:04:00Z,899-1-1-01,,device_not_recording
1709197500000,2024-02-29T09:05:00Z,899-1-1-01,,device_not_recording
1709197560000,2024-02-29T09:06:00Z,899-1-1-01,,device_not_recording
1709197620000,2024-02-29T09:07:00Z,899-1-1-01,,device_not_recording
1709197680000,2024-02-29T09:08:00Z,899-1-1-01,,device_not_recording
1709197740000,2024-02-29T09:09:00Z,899-1-1-01,,device_not_recording
1709197800000,2024-02-29T09:10:00Z,899-1-1-01,,device_not_recording
1709197860000,2024-02-29T09:11:00Z,899-1-1-01,,device_not_recording
1709197920000,2024-02-29T09:12:00Z,899-1-1-01,,device_not_recording
1709197980000,2024-02-29T09:13:00Z,899-1-1-01,,device_not_recording
1709198040000,2024-02-29T09:14:00Z,899-1-1-01,,device_not_recording
1709198100000,2024-02-29T09:15:00Z,899-1-1-01,,device_not_recording
1709198160000,2024-02-29T09:16:00Z,899-1-1-01,,device_not_recording
1709198220000,2024-02-29T09:17:00Z,899-1-1-01,,device_not_recording
1709198280000,2024-02-29T09:18:00Z,899-1-1-01,,device_not_recording
1709198340000,2024-02-29T09:19:00Z,899-1-1-01,,device_not_recording
1709198400000,2024-02-29T09:20:00Z,899-1-1-01,,device_not_recording
1709198460000,2024-02-29T09:21:00Z,899-1-1-01,,device_not_recording
1709198520000,2024-02-29T09:22:00Z,899-1-1-01,,device_not_recording
1709198580000,2024-02-29T09:23:00Z,899-1-1-01,,device_not_recording
1709198640000,2024-02-29T09:24:00Z,899-1-1-01,,device_not_recording
1709198700000,2024-02-29T09:25:00Z,899-1-1-01,,device_not_recording
1709198760000,2024-02-29T09:26:00Z,899-1-1-01,,device_not_recording
1709198820000,2024-02-29T09:27:00Z,899-1-1-01,,device_not_recording
1709198880000,2024-02-29T09:28:00Z,899-1-1-01,,device_not_recording
1709198940000,2024-02-29T09:29:00Z,899-1-1-01,,device_not_recording
1709199000000,2024-02-29T09:30:00Z,899-1-1-01,,device_not_recording
1709199060000,2024-02-29T09:31:00Z,899-1-1-01,,device_not_recording
1709199120000,2024-02-29T09:32:00Z,899-1-1-01,,device_not_recording
1709199180000,2024-02-29T09:33:00Z,899-1-1-01,,device_not_recording
1709199240000,2024-02-29T09:34:00Z,899-1-1-01,,device_not_recording
1709199300000,2024-02-29T09:35:00Z,899-1-1-01,,device_not_recording
1709199360000,2024-02-29T09:36:00Z,899-1-1-01,,device_not_recording
1709199420000,2024-02-29T09:37:00Z,899-1-1-01,,device_not_recording
1709199480000,2024-02-29T09:38:00Z,899-1-1-01,,device_not_recording
1709199540000,2024-02-29T09:39:00Z,899-1-1-01,,device_not_recording
1709199600000,2024-02-29T09:40:00Z,899-1-1-01,,device_not_recording
1709199660000,2024-02-29T09:41:00Z,899-1-1-01,,device_not_recording
1709199720000,2024-02-29T09:42:00Z,899-1-1-01,,device_not_recording
1709199780000,2024-02-29T09:43:00Z,899-1-1-01,,device_not_recording
1709199840000,2024-02-29T09:44:00Z,899-1-1-01,,device_not_recording
1709199900000,2024-02-29T09:45:00Z,899-1-1-01,,device_not_recording
1709199960000,2024-02-29T09:46:00Z,899-1-1-01,,device_not_recording
1709200020000,2024-02-29T09:47:00Z,899-1-1-01,,device_not_recording
1709200080000,2024-02-29T09:48:00Z,899-1-1-01,,device_not_recording
1709200140000,2024-02-29T09:49:00Z,899-1-1-01,,device_not_recording
1709200200000,2024-02-29T09:50:00Z,899-1-1-01,,device_not_recording
1709200260000,2024-02-29T09:51:00Z,899-1-1-01,,device_not_recording
1709200320000,2024-02-29T09:52:00Z,899-1-1-01,,device_not_recording
1709200380000,2024-02-29T09:53:00Z,899-1-1-01,,device_not_recording
1709200440000,2024-02-29T09:54:00Z,899-1-1-01,,device_not_recording
1709200500000,2024-02-29T09:55:00Z,899-1-1-01,,device_not_recording
1709200560000,2024-02-29T09:56:00Z,899-1-1-01,,device_not_recording
1709200620000,2024-02-29T09:57:00Z,899-1-1-01,,device_not_recording
1709200680000,2024-02-29T09:58:00Z,899-1-1-01,,device_not_recording
1709200740000,2024-02-29T09:59:00Z,899-1-1-01,,device_not_recording
1709200800000,2024-02-29T10:00:00Z,899-1-1-01,,device_not_recording
1709200860000,2024-02-29T10:01:00Z,899-1-1-01,,device_not_recording
1709200920000,2024-02-29T10:02:00Z,899-1-1-01,,device_not_recording
1709200980000,2024-02-29T10:03:00Z,899-1-1-01,,device_not_recording
1709201040000,2024-02-29T10:04:00Z,899-1-1-01,,device_not_recording
1709201100000,2024-02-29T10:05:00Z,899-1-1-01,,device_not_recording
1709201160000,2024-02-29T10:06:00Z,899-1-1-01,,device_not_recording
1709201220000,2024-02-29T10:07:00Z,899-1-1-01,,device_not_recording
1709201280000,2024-02-29T10:08:00Z,899-1-1-01,,device_not_recording
1709201340000,2024-02-29T10:09:00Z,899-1-1-01,,device_not_recording
1709201400000,2024-02-29T10:10:00Z,899-1-1-01,,device_not_recording
1709201460000,2024-02-29T10:11:00Z,899-1-1-01,,device_not_recording
1709201520000,2024-02-29T10:12:00Z,899-1-1-01,,device_not_recording
1709201580000,2024-02-29T10:13:00Z,899-1-1-01,,device_not_recording
1709201640000,2024-02-29T10:14:00Z,899-1-1-01,,device_not_recording
1709201700000,2024-02-29T10:15:00Z,899-1-1-01,,device_not_recording
1709201760000,2024-02-29T10:16:00Z,899-1-1-01,,device_not_recording
1709201820000,2024-02-29T10:17:00Z,899-1-1-01,,device_not_recording
1709201880000,2024-02-29T10:18:00Z,899-1-1-01,,device_not_recording
1709201940000,2024-02-29T10:19:00Z,899-1-1-01,,device_not_recording
1709202000000,2024-02-29T10:20:00Z,899-1-1-01,,device_not_recording
1709202060000,2024-02-29T10:21:00Z,899-1-1-01,,device_not_recording
1709202120000,2024-02-29T10:22:00Z,899-1-1-01,,device_not_recording
1709202180000,2024-02-29T10:23:00Z,899-1-1-01,,device_not_recording
1709202240000,2024-02-29T10:24:00Z,899-1-1-01,,device_not_recording
1709202300000,2024-02-29T10:25:00Z,899-1-1-01,,device_not_recording
1709202360000,2024-02-29T10:26:00Z,899-1-1-01,,device_not_recording
1709202420000,2024-02-29T10:27:00Z,899-1-1-01,,device_not_recording
1709202480000,2024-02-29T10:28:00Z,899-1-1-01,,device_not_recording
1709202540000,2024-02-29T10:29:00Z,899-1-1-01,,device_not_recording
1709202600000,2024-02-29T10:30:00Z,899-1-1-01,,device_not_recording
1709202660000,2024-02-29T10:31:00Z,899-1-1-01,,device_not_recording
1709202720000,2024-02-29T10:32:00Z,899-1-1-01,,device_not_recording
1709202780000,2024-02-29T10:33:00Z,899-1-1-01,,device_not_recording
1709202840000,2024-02-29T10:34:00Z,899-1-1-01,,device_not_recording
1709202900000,2024-02-29T10:35:00Z,899-1-1-01,,device_not_recording
1709202960000,2024-02-29T10:36:00Z,899-1-1-01,,device_not_recording
1709203020000,2024-02-29T10:37:00Z,899-1-1-01,,device_not_recording
1709203080000,2024-02-29T10:38:00Z,899-1-1-01,,device_not_recording
1709203140000,2024-02-29T10:39:00Z,899-1-1-01,,device_not_recording
1709203200000,2024-02-29T10:40:00Z,899-1-1-01,,device_not_recording
1709203260000,2024-02-29T10:41:00Z,899-1-1-01,,device_not_recording
1709203320000,2024-02-29T10:42:00Z,899-1-1-01,,device_not_recording
1709203380000,2024-02-29T10:43:00Z,899-1-1-01,,device_not_recording
1709203440000,2024-02-29T10:44:00Z,899-1-1-01,,device_not_recording
1709203500000,2024-02-29T10:45:00Z,899-1-1-01,,device_not_recording
1709203560000,2024-02-29T10:46:00Z,899-1-1-01,,device_not_recording
1709203620000,2024-02-29T10:47:00Z,899-1-1-01,,device_not_recording
1709203680000,2024-02-29T10:48:00Z,899-1-1-01,,device_not_recording
1709203740000,2024-02-29T10:49:00Z,899-1-1-01,,device_not_recording
1709203800000,2024-02-29T10:50:00Z,899-1-1-01,,device_not_recording
1709203860000,2024-02-29T10:51:00Z,899-1-1-01,,device_not_recording
1709203920000,2024-02-29T10:52:00Z,899-1-1-01,,device_not_recording
1709203980000,2024-02-29T10:53:00Z,899-1-1-01,,device_not_recording
1709204040000,2024-02-29T10:54:00Z,899-1-1-01,,device_not_recording
1709204100000,2024-02-29T10:55:00Z,899-1-1-01,,device_not_recording
1709204160000,2024-02-29T10:56:00Z,899-1-1-01,,device_not_recording
1709204220000,2024-02-29T10:57:00Z,899-1-1-01,,device_not_recording
1709204280000,2024-02-29T10:58:00Z,899-1-1-01,,device_not_recording
1709204340000,2024-02-29T10:59:00Z,899-1-1-01,,device_not_recording
1709204400000,2024-02-29T11:00:00Z,899-1-1-01,,device_not_recording
1709204460000,2024-02-29T11:01:00Z,899-1-1-01,,device_not_recording
1709204520000,2024-02-29T11:02:00Z,899-1-1-01,,device_not_recording
1709204580000,2024-02-29T11:03:00Z,899-1-1-01,,device_not_recording
1709204640000,2024-02-29T11:04:00Z,899-1-1-01,,device_not_recording
1709204700000,2024-02-29T11:05:00Z,899-1-1-01,,device_not_recording
1709204760000,2024-02-29T11:06:00Z,899-1-1-01,,device_not_recording
1709204820000,2024-02-29T11:07:00Z,899-1-1-01,,device_not_recording
1709204880000,2024-02-29T11:08:00Z,899-1-1-01,,device_not_recording
1709204940000,2024-02-29T11:09:00Z,899-1-1-01,,device_not_recording
1709205000000,2024-02-29T11:10:00Z,899-1-1-01,,device_not_recording
1709205060000,2024-02-29T11:11:00Z,899-1-1-01,,device_not_recording
1709205120000,2024-02-29T11:12:00Z,899-1-1-01,,device_not_recording
1709205180000,2024-02-29T11:13:00Z,899-1-1-01,,device_not_recording
1709205240000,2024-02-29T11:14:00Z,899-1-1-01,,device_not_recording
1709205300000,2024-02-29T11:15:00Z,899-1-1-01,,device_not_recording
1709205360000,2024-02-29T11:16:00Z,899-1-1-01,,device_not_recording
1709205420000,2024-02-29T11:17:00Z,899-1-1-01,,device_not_recording
1709205480000,2024-02-29T11:18:00Z,899-1-1-01,,device_not_recording
1709205540000,2024-02-29T11:19:00Z,899-1-1-01,,device_not_recording
1709205600000,2024-02-29T11:20:00Z,899-1-1-01,,device_not_recording
1709205660000,2024-02-29T11:21:00Z,899-1-1-01,,device_not_recording
1709205720000,2024-02-29T11:22:00Z,899-1-1-01,,device_not_recording
1709205780000,2024-02-29T11:23:00Z,899-1-1-01,,device_not_recording
1709205840000,2024-02-29T11:24:00Z,899-1-1-01,,device_not_recording
1709205900000,2024-02-29T11:25:00Z,899-1-1-01,,device_not_recording
1709205960000,2024-02-29T11:26:00Z,899-1-1-01,,device_not_recording
1709206020000,2024-02-29T11:27:00Z,899-1-1-01,,device_not_recording
1709206080000,2024-02-29T11:28:00Z,899-1-1-01,,device_not_recording
1709206140000,2024-02-29T11:29:00Z,899-1-1-01,,device_not_recording
1709206200000,2024-02-29T11:30:00Z,899-1-1-01,,device_not_recording
1709206260000,2024-02-29T11:31:00Z,899-1-1-01,,device_not_recording
1709206320000,2024-02-29T11:32:00Z,899-1-1-01,,device_not_recording
1709206380000,2024-02-29T11:33:00Z,899-1-1-01,,device_not_recording
1709206440000,2024-02-29T11:34:00Z,899-1-1-01,,device_not_recording
1709206500000,2024-02-29T11:35:00Z,899-1-1-01,,device_not_recording
1709206560000,2024-02-29T11:36:00Z,899-1-1-01,,device_not_recording
1709206620000,2024-02-29T11:37:00Z,899-1-1-01,,device_not_recording
1709206680000,2024-02-29T11:38:00Z,899-1-1-01,,device_not_recording
1709206740000,2024-02-29T11:39:00Z,899-1-1-01,,device_not_recording
1709206800000,2024-02-29T11:40:00Z,899-1-1-01,,device_not_recording
1709206860000,2024-02-29T11:41:00Z,899-1-1-01,,device_not_recording
1709206920000,2024-02-29T11:42:00Z,899-1-1-01,,device_not_recording
1709206980000,2024-02-29T11:43:00Z,899-1-1-01,,device_not_recording
1709207040000,2024-02-29T11:44:00Z,899-1-1-01,,device_not_recording
1709207100000,2024-02-29T11:45:00Z,899-1-1-01,,device_not_recording
1709207160000,2024-02-29T11:46:00Z,899-1-1-01,,device_not_recording
1709207220000,2024-02-29T11:47:00Z,899-1-1-01,,device_not_recording
1709207280000,2024-02-29T11:48:00Z,899-1-1-01,,device_not_recording
1709207340000,2024-02-29T11:49:00Z,899-1-1-01,,device_not_recording
1709207400000,2024-02-29T11:50:00Z,899-1-1-01,,device_not_recording
1709207460000,2024-02-29T11:51:00Z,899-1-1-01,,device_not_recording
1709207520000,2024-02-29T11:52:00Z,899-1-1-01,,device_not_recording
1709207580000,2024-02-29T11:53:00Z,899-1-1-01,,device_not_recording
1709207640000,2024-02-29T11:54:00Z,899-1-1-01,,device_not_recording
1709207700000,2024-02-29T11:55:00Z,899-1-1-01,,device_not_recording
1709207760000,2024-02-29T11:56:00Z,899-1-1-01,,device_not_recording
1709207820000,2024-02-29T11:57:00Z,899-1-1-01,,device_not_recording
1709207880000,2024-02-29T11:58:00Z,899-1-1-01,,device_not_recording
1709207940000,2024-02-29T11:59:00Z,899-1-1-01,,device_not_recording
1709208000000,2024-02-29T12:00:00Z,899-1-1-01,,device_not_recording
1709208060000,2024-02-29T12:01:00Z,899-1-1-01,,device_not_recording
1709208120000,2024-02-29T12:02:00Z,899-1-1-01,,device_not_recording
1709208180000,2024-02-29T12:03:00Z,899-1-1-01,,device_not_recording
1709208240000,2024-02-29T12:04:00Z,899-1-1-01,,device_not_recording
1709208300000,2024-02-29T12:05:00Z,899-1-1-01,,device_not_recording
1709208360000,2024-02-29T12:06:00Z,899-1-1-01,,device_not_recording
1709208420000,2024-02-29T12:07:00Z,899-1-1-01,,device_not_recording
1709208480000,2024-02-29T12:08:00Z,899-1-1-01,,device_not_recording
1709208540000,2024-02-29T12:09:00Z,899-1-1-01,,device_not_recording
1709208600000,2024-02-29T12:10:00Z,899-1-1-01,,device_not_recording
1709208660000,2024-02-29T12:11:00Z,899-1-1-01,,device_not_recording
1709208720000,2024-02-29T12:12:00Z,899-1-1-01,,device_not_recording
1709208780000,2024-02-29T12:13:00Z,899-1-1-01,,device_not_recording
1709208840000,2024-02-29T12:14:00Z,899-1-1-01,,device_not_recording
1709208900000,2024-02-29T12:15:00Z,899-1-1-01,,device_not_recording
1709208960000,2024-02-29T12:16:00Z,899-1-1-01,,device_not_recording
1709209020000,2024-02-29T12:17:00Z,899-1-1-01,,device_not_recording
1709209080000,2024-02-29T12:18:00Z,899-1-1-01,,device_not_recording
1709209140000,2024-02-29T12:19:00Z,899-1-1-01,,device_not_recording
1709209200000,2024-02-29T12:20:00Z,899-1-1-01,,device_not_recording
1709209260000,2024-02-29T12:21:00Z,899-1-1-01,,device_not_recording
1709209320000,2024-02-29T12:22:00Z,899-1-1-01,,device_not_recording
1709209380000,2024-02-29T12:23:00Z,899-1-1-01,,device_not_recording
1709209440000,2024-02-29T12:24:00Z,899-1-1-01,,device_not_recording
1709209500000,2024-02-29T12:25:00Z,899-1-1-01,,device_not_recording
1709209560000,2024-02-29T12:26:00Z,899-1-1-01,,device_not_recording
1709209620000,2024-02-29T12:27:00Z,899-1-1-01,,device_not_recording
1709209680000,2024-02-29T12:28:00Z,899-1-1-01,,device_not_recording
1709209740000,2024-02-29T12:29:00Z,899-1-1-01,,device_not_recording
1709209800000,2024-02-29T12:30:00Z,899-1-1-01,,device_not_recording
1709209860000,2024-02-29T12:31:00Z,899-1-1-01,,device_not_recording
1709209920000,2024-02-29T12:32:00Z,899-1-1-01,,device_not_recording
1709209980000,2024-02-29T12:33:00Z,899-1-1-01,,device_not_recording
1709210040000,2024-02-29T12:34:00Z,899-1-1-01,,device_not_recording
1709210100000,2024-02-29T12:35:00Z,899-1-1-01,,device_not_recording
1709210160000,2024-02-29T12:36:00Z,899-1-1-01,,device_not_recording
1709210220000,2024-02-29T12:37:00Z,899-1-1-01,,device_not_recording
1709210280000,2024-02-29T12:38:00Z,899-1-1-01,,device_not_recording
1709210340000,2024-02-29T12:39:00Z,899-1-1-01,,device_not_recording
1709210400000,2024-02-29T12:40:00Z,899-1-1-01,,device_not_recording
1709210460000,2024-02-29T12:41:00Z,899-1-1-01,,device_not_recording
1709210520000,2024-02-29T12:42:00Z,899-1-1-01,,device_not_recording
1709210580000,2024-02-29T12:43:00Z,899-1-1-01,,device_not_recording
1709210640000,2024-02-29T12:44:00Z,899-1-1-01,,device_not_recording
1709210700000,2024-02-29T12:45:00Z,899-1-1-01,,device_not_recording
1709210760000,2024-02-29T12:46:00Z,899-1-1-01,,device_not_recording
1709210820000,2024-02-29T12:47:00Z,899-1-1-01,,device_not_recording
1709210880000,2024-02-29T12:48:00Z,899-1-1-01,,device_not_recording
1709210940000,2024-02-29T12:49:00Z,899-1-1-01,,device_not_recording
1709211000000,2024-02-29T12:50:00Z,899-1-1-01,,device_not_recording
1709211060000,2024-02-29T12:51:00Z,899-1-1-01,,device_not_recording
1709211120000,2024-02-29T12:52:00Z,899-1-1-01,,device_not_recording
1709211180000,2024-02-29T12:53:00Z,899-1-1-01,,device_not_recording
1709211240000,2024-02-29T12:54:00Z,899-1-1-01,,device_not_recording
1709211300000,2024-02-29T12:55:00Z,899-1-1-01,,device_not_recording
1709211360000,2024-02-29T12:56:00Z,899-1-1-01,,device_not_recording
1709211420000,2024-02-29T12:57:00Z,899-1-1-01,,device_not_recording
1709211480000,2024-02-29T12:58:00Z,899-1-1-01,,device_not_recording
1709211540000,2024-02-29T12:59:00Z,899-1-1-01,,device_not_recording
1709211600000,2024-02-29T13:00:00Z,899-1-1-01,,device_not_recording
1709211660000,2024-02-29T13:01:00Z,899-1-1-01,,device_not_recording
1709211720000,2024-02-29T13:02:00Z,899-1-1-01,,device_not_recording
1709211780000,2024-02-29T13:03:00Z,899-1-1-01,,device_not_recording
1709211840000,2024-02-29T13:04:00Z,899-1-1-01,,device_not_recording
1709211900000,2024-02-29T13:05:00Z,899-1-1-01,,device_not_recording
1709211960000,2024-02-29T13:06:00Z,899-1-1-01,,device_not_recording
1709212020000,2024-02-29T13:07:00Z,899-1-1-01,,device_not_recording
1709212080000,2024-02-29T13:08:00Z,899-1-1-01,,device_not_recording
1709212140000,2024-02-29T13:09:00Z,899-1-1-01,,device_not_recording
1709212200000,2024-02-29T13:10:00Z,899-1-1-01,,device_not_recording
1709212260000,2024-02-29T13:11:00Z,899-1-1-01,,device_not_recording
1709212320000,2024-02-29T13:12:00Z,899-1-1-01,,device_not_recording
1709212380000,2024-02-29T13:13:00Z,899-1-1-01,,device_not_recording
1709212440000,2024-02-29T13:14:00Z,899-1-1-01,,device_not_recording
1709212500000,2024-02-29T13:15:00Z,899-1-1-01,,device_not_recording
1709212560000,2024-02-29T13:16:00Z,899-1-1-01,,device_not_recording
1709212620000,2024-02-29T13:17:00Z,899-1-1-01,,device_not_recording
1709212680000,2024-02-29T13:18:00Z,899-1-1-01,,device_not_recording
1709212740000,2024-02-29T13:19:00Z,899-1-1-01,,device_not_recording
1709212800000,2024-02-29T13:20:00Z,899-1-1-01,,device_not_recording
1709212860000,2024-02-29T13:21:00Z,899-1-1-01,,device_not_recording
1709212920000,2024-02-29T13:22:00Z,899-1-1-01,,device_not_recording
1709212980000,2024-02-29T13:23:00Z,899-1-1-01,,device_not_recording
1709213040000,2024-02-29T13:24:00Z,899-1-1-01,,device_not_recording
1709213100000,2024-02-29T13:25:00Z,899-1-1-01,,device_not_recording
1709213160000,2024-02-29T13:26:00Z,899-1-1-01,,device_not_recording
1709213220000,2024-02-29T13:27:00Z,899-1-1-01,,device_not_recording
1709213280000,2024-02-29T13:28:00Z,899-1-1-01,,device_not_recording
1709213340000,2024-02-29T13:29:00Z,899-1-1-01,,device_not_recording
1709213400000,2024-02-29T13:30:00Z,899-1-1-01,,device_not_recording
1709213460000,2024-02-29T13:31:00Z,899-1-1-01,,device_not_recording
1709213520000,2024-02-29T13:32:00Z,899-1-1-01,,device_not_recording
1709213580000,2024-02-29T13:33:00Z,899-1-1-01,,device_not_recording
1709213640000,2024-02-29T13:34:00Z,899-1-1-01,,device_not_recording
1709213700000,2024-02-29T13:35:00Z,899-1-1-01,,device_not_recording
1709213760000,2024-02-29T13:36:00Z,899-1-1-01,,device_not_recording
1709213820000,2024-02-29T13:37:00Z,899-1-1-01,,device_not_recording
1709213880000,2024-02-29T13:38:00Z,899-1-1-01,,device_not_recording
1709213940000,2024-02-29T13:39:00Z,899-1-1-01,,device_not_recording
1709214000000,2024-02-29T13:40:00Z,899-1-1-01,,device_not_recording
1709214060000,2024-02-29T13:41:00Z,899-1-1-01,,device_not_recording
1709214120000,2024-02-29T13:42:00Z,899-1-1-01,,device_not_recording
1709214180000,2024-02-29T13:43:00Z,899-1-1-01,,device_not_recording
1709214240000,2024-02-29T13:44:00Z,899-1-1-01,,device_not_recording
1709214300000,2024-02-29T13:45:00Z,899-1-1-01,,device_not_recording
1709214360000,2024-02-29T13:46:00Z,899-1-1-01,,device_not_recording
1709214420000,2024-02-29T13:47:00Z,899-1-1-01,,device_not_recording
1709214480000,2024-02-29T13:48:00Z,899-1-1-01,,device_not_recording
1709214540000,2024-02-29T13:49:00Z,899-1-1-01,,device_not_recording
1709214600000,2024-02-29T13:50:00Z,899-1-1-01,,device_not_recording
1709214660000,2024-02-29T13:51:00Z,899-1-1-01,,device_not_recording
1709214720000,2024-02-29T13:52:00Z,899-1-1-01,,device_not_recording
1709214780000,2024-02-29T13:53:00Z,899-1-1-01,,device_not_recording
1709214840000,2024-02-29T13:54:00Z,899-1-1-01,,device_not_recording
1709214900000,2024-02-29T13:55:00Z,899-1-1-01,,device_not_recording
1709214960000,2024-02-29T13:56:00Z,899-1-1-01,,device_not_recording
1709215020000,2024-02-29T13:57:00Z,899-1-1-01,,device_not_recording
1709215080000,2024-02-29T13:58:00Z,899-1-1-01,,device_not_recording
1709215140000,2024-02-29T13:59:00Z,899-1-1-01,,device_not_recording
1709215200000,2024-02-29T14:00:00Z,899-1-1-01,,device_not_recording
1709215260000,2024-02-29T14:01:00Z,899-1-1-01,,device_not_recording
1709215320000,2024-02-29T14:02:00Z,899-1-1-01,,device_not_recording
1709215380000,2024-02-29T14:03:00Z,899-1-1-01,,device_not_recording
1709215440000,2024-02-29T14:04:00Z,899-1-1-01,,device_not_recording
1709215500000,2024-02-29T14:05:00Z,899-1-1-01,,device_not_recording
1709215560000,2024-02-29T14:06:00Z,899-1-1-01,,device_not_recording
1709215620000,2024-02-29T14:07:00Z,899-1-1-01,,device_not_recording
1709215680000,2024-02-29T14:08:00Z,899-1-1-01,,device_not_recording
1709215740000,2024-02-29T14:09:00Z,899-1-1-01,,device_not_recording
1709215800000,2024-02-29T14:10:00Z,899-1-1-01,,device_not_recording
1709215860000,2024-02-29T14:11:00Z,899-1-1-01,,device_not_recording
1709215920000,2024-02-29T14:12:00Z,899-1-1-01,,device_not_recording
1709215980000,2024-02-29T14:13:00Z,899-1-1-01,,device_not_recording
1709216040000,2024-02-29T14:14:00Z,899-1-1-01,,device_not_recording
1709216100000,2024-02-29T14:15:00Z,899-1-1-01,,device_not_recording
1709216160000,2024-02-29T14:16:00Z,899-1-1-01,,device_not_recording
1709216220000,2024-02-29T14:17:00Z,899-1-1-01,,device_not_recording
1709216280000,2024-02-29T14:18:00Z,899-1-1-01,,device_not_recording
1709216340000,2024-02-29T14:19:00Z,899-1-1-01,,device_not_recording
1709216400000,2024-02-29T14:20:00Z,899-1-1-01,,device_not_recording
1709216460000,2024-02-29T14:21:00Z,899-1-1-01,,device_not_recording
1709216520000,2024-02-29T14:22:00Z,899-1-1-01,,device_not_recording
1709216580000,2024-02-29T14:23:00Z,899-1-1-01,,device_not_recording
1709216640000,2024-02-29T14:24:00Z,899-1-1-01,,device_not_recording
1709216700000,2024-02-29T14:25:00Z,899-1-1-01,,device_not_recording
1709216760000,2024-02-29T14:26:00Z,899-1-1-01,,device_not_recording
1709216820000,2024-02-29T14:27:00Z,899-1-1-01,,device_not_recording
1709216880000,2024-02-29T14:28:00Z,899-1-1-01,,device_not_recording
1709216940000,2024-02-29T14:29:00Z,899-1-1-01,,device_not_recording
1709217000000,2024-02-29T14:30:00Z,899-1-1-01,,device_not_recording
1709217060000,2024-02-29T14:31:00Z,899-1-1-01,,device_not_recording
1709217120000,2024-02-29T14:32:00Z,899-1-1-01,,device_not_recording
1709217180000,2024-02-29T14:33:00Z,899-1-1-01,,device_not_recording
1709217240000,2024-02-29T14:34:00Z,899-1-1-01,,device_not_recording
1709217300000,2024-02-29T14:35:00Z,899-1-1-01,,device_not_recording
1709217360000,2024-02-29T14:36:00Z,899-1-1-01,,device_not_recording
1709217420000,2024-02-29T14:37:00Z,899-1-1-01,,device_not_recording
1709217480000,2024-02-29T14:38:00Z,899-1-1-01,,device_not_recording
1709217540000,2024-02-29T14:39:00Z,899-1-1-01,,device_not_recording
1709217600000,2024-02-29T14:40:00Z,899-1-1-01,,device_not_recording
1709217660000,2024-02-29T14:41:00Z,899-1-1-01,,device_not_recording
1709217720000,2024-02-29T14:42:00Z,899-1-1-01,,device_not_recording
1709217780000,2024-02-29T14:43:00Z,899-1-1-01,,device_not_recording
1709217840000,2024-02-29T14:44:00Z,899-1-1-01,,device_not_recording
1709217900000,2024-02-29T14:45:00Z,899-1-1-01,,device_not_recording
1709217960000,2024-02-29T14:46:00Z,899-1-1-01,,device_not_recording
1709218020000,2024-02-29T14:47:00Z,899-1-1-01,,device_not_recording
1709218080000,2024-02-29T14:48:00Z,899-1-1-01,,device_not_recording
1709218140000,2024-02-29T14:49:00Z,899-1-1-01,,device_not_recording
1709218200000,2024-02-29T14:50:00Z,899-1-1-01,,device_not_recording
1709218260000,2024-02-29T14:51:00Z,899-1-1-01,,device_not_recording
1709218320000,2024-02-29T14:52:00Z,899-1-1-01,,device_not_recording
1709218380000,2024-02-29T14:53:00Z,899-1-1-01,,device_not_recording
1709218440000,2024-02-29T14:54:00Z,899-1-1-01,,device_not_recording
1709218500000,2024-02-29T14:55:00Z,899-1-1-01,,device_not_recording
1709218560000,2024-02-29T14:56:00Z,899-1-1-01,,device_not_recording
1709218620000,2024-02-29T14:57:00Z,899-1-1-01,,device_not_recording
1709218680000,2024-02-29T14:58:00Z,899-1-1-01,,device_not_recording
1709218740000,2024-02-29T14:59:00Z,899-1-1-01,,device_not_recording
1709218800000,2024-02-29T15:00:00Z,899-1-1-01,,device_not_recording
1709218860000,2024-02-29T15:01:00Z,899-1-1-01,,device_not_recording
1709218920000,2024-02-29T15:02:00Z,899-1-1-01,,device_not_recording
1709218980000,2024-02-29T15:03:00Z,899-1-1-01,,device_not_recording
1709219040000,2024-02-29T15:04:00Z,899-1-1-01,,device_not_recording
1709219100000,2024-02-29T15:05:00Z,899-1-1-01,,device_not_recording
1709219160000,2024-02-29T15:06:00Z,899-1-1-01,,device_not_recording
1709219220000,2024-02-29T15:07:00Z,899-1-1-01,,device_not_recording
1709219280000,2024-02-29T15:08:00Z,899-1-1-01,,device_not_recording
1709219340000,2024-02-29T15:09:00Z,899-1-1-01,,device_not_recording
1709219400000,2024-02-29T15:10:00Z,899-1-1-01,,device_not_recording
1709219460000,2024-02-29T15:11:00Z,899-1-1-01,,device_not_recording
1709219520000,2024-02-29T15:12:00Z,899-1-1-01,,device_not_recording
1709219580000,2024-02-29T15:13:00Z,899-1-1-01,,device_not_recording
1709219640000,2024-02-29T15:14:00Z,899-1-1-01,,device_not_recording
1709219700000,2024-02-29T15:15:00Z,899-1-1-01,,device_not_recording
1709219760000,2024-02-29T15:16:00Z,899-1-1-01,,device_not_recording
1709219820000,2024-02-29T15:17:00Z,899-1-1-01,,device_not_recording
1709219880000,2024-02-29T15:18:00Z,899-1-1-01,,device_not_recording
1709219940000,2024-02-29T15:19:00Z,899-1-1-01,,device_not_recording
1709220000000,2024-02-29T15:20:00Z,899-1-1-01,,device_not_recording
1709220060000,2024-02-29T15:21:00Z,899-1-1-01,,device_not_recording
1709220120000,2024-02-29T15:22:00Z,899-1-1-01,,device_not_recording
1709220180000,2024-02-29T15:23:00Z,899-1-1-01,,device_not_recording
1709220240000,2024-02-29T15:24:00Z,899-1-1-01,,device_not_recording
1709220300000,2024-02-29T15:25:00Z,899-1-1-01,,device_not_recording
1709220360000,2024-02-29T15:26:00Z,899-1-1-01,,device_not_recording
1709220420000,2024-02-29T15:27:00Z,899-1-1-01,,device_not_recording
1709220480000,2024-02-29T15:28:00Z,899-1-1-01,,device_not_recording
1709220540000,2024-02-29T15:29:00Z,899-1-1-01,,device_not_recording
1709220600000,2024-02-29T15:30:00Z,899-1-1-01,,device_not_recording
1709220660000,2024-02-29T15:31:00Z,899-1-1-01,,device_not_recording
1709220720000,2024-02-29T15:32:00Z,899-1-1-01,,device_not_recording
1709220780000,2024-02-29T15:33:00Z,899-1-1-01,,device_not_recording
1709220840000,2024-02-29T15:34:00Z,899-1-1-01,,device_not_recording
1709220900000,2024-02-29T15:35:00Z,899-1-1-01,,device_not_recording
1709220960000,2024-02-29T15:36:00Z,899-1-1-01,,device_not_recording
1709221020000,2024-02-29T15:37:00Z,899-1-1-01,,device_not_recording
1709221080000,2024-02-29T15:38:00Z,899-1-1-01,,device_not_recording
1709221140000,2024-02-29T15:39:00Z,899-1-1-01,,device_not_recording
1709221200000,2024-02-29T15:40:00Z,899-1-1-01,,device_not_recording
1709221260000,2024-02-29T15:41:00Z,899-1-1-01,,device_not_recording
1709221320000,2024-02-29T15:42:00Z,899-1-1-01,,device_not_recording
1709221380000,2024-02-29T15:43:00Z,899-1-1-01,,device_not_recording
1709221440000,2024-02-29T15:44:00Z,899-1-1-01,,device_not_recording
1709221500000,2024-02-29T15:45:00Z,899-1-1-01,,device_not_recording
1709221560000,2024-02-29T15:46:00Z,899-1-1-01,,device_not_recording
1709221620000,2024-02-29T15:47:00Z,899-1-1-01,,device_not_recording
1709221680000,2024-02-29T15:48:00Z,899-1-1-01,,device_not_recording
1709221740000,2024-02-29T15:49:00Z,899-1-1-01,,device_not_recording
1709221800000,2024-02-29T15:50:00Z,899-1-1-01,,device_not_recording
1709221860000,2024-02-29T15:51:00Z,899-1-1-01,,device_not_recording
1709221920000,2024-02-29T15:52:00Z,899-1-1-01,,device_not_recording
1709221980000,2024-02-29T15:53:00Z,899-1-1-01,,device_not_recording
1709222040000,2024-02-29T15:54:00Z,899-1-1-01,,device_not_recording
1709222100000,2024-02-29T15:55:00Z,899-1-1-01,,device_not_recording
1709222160000,2024-02-29T15:56:00Z,899-1-1-01,,device_not_recording
1709222220000,2024-02-29T15:57:00Z,899-1-1-01,,device_not_recording
1709222280000,2024-02-29T15:58:00Z,899-1-1-01,,device_not_recording
1709222340000,2024-02-29T15:59:00Z,899-1-1-01,,device_not_recording
1709222400000,2024-02-29T16:00:00Z,899-1-1-01,,device_not_recording
1709222460000,2024-02-29T16:01:00Z,899-1-1-01,,device_not_recording
1709222520000,2024-02-29T16:02:00Z,899-1-1-01,,device_not_recording
1709222580000,2024-02-29T16:03:00Z,899-1-1-01,,device_not_recording
1709222640000,2024-02-29T16:04:00Z,899-1-1-01,,device_not_recording
1709222700000,2024-02-29T16:05:00Z,899-1-1-01,,device_not_recording
1709222760000,2024-02-29T16:06:00Z,899-1-1-01,,device_not_recording
1709222820000,2024-02-29T16:07:00Z,899-1-1-01,,device_not_recording
1709222880000,2024-02-29T16:08:00Z,899-1-1-01,,device_not_recording
1709222940000,2024-02-29T16:09:00Z,899-1-1-01,,device_not_recording
1709223000000,2024-02-29T16:10:00Z,899-1-1-01,,device_not_recording
1709223060000,2024-02-29T16:11:00Z,899-1-1-01,,device_not_recording
1709223120000,2024-02-29T16:12:00Z,899-1-1-01,,device_not_recording
1709223180000,2024-02-29T16:13:00Z,899-1-1-01,,device_not_recording
1709223240000,2024-02-29T16:14:00Z,899-1-1-01,,device_not_recording
1709223300000,2024-02-29T16:15:00Z,899-1-1-01,,device_not_recording
1709223360000,2024-02-29T16:16:00Z,899-1-1-01,,device_not_recording
1709223420000,2024-02-29T16:17:00Z,899-1-1-01,,device_not_recording
1709223480000,2024-02-29T16:18:00Z,899-1-1-01,,device_not_recording
1709223540000,2024-02-29T16:19:00Z,899-1-1-01,,device_not_recording
1709223600000,2024-02-29T16:20:00Z,899-1-1-01,,device_not_recording
1709223660000,2024-02-29T16:21:00Z,899-1-1-01,,device_not_recording
1709223720000,2024-02-29T16:22:00Z,899-1-1-01,,device_not_recording
1709223780000,2024-02-29T16:23:00Z,899-1-1-01,,device_not_recording
1709223840000,2024-02-29T16:24:00Z,899-1-1-01,,device_not_recording
1709223900000,2024-02-29T16:25:00Z,899-1-1-01,,device_not_recording
1709223960000,2024-02-29T16:26:00Z,899-1-1-01,,device_not_recording
1709224020000,2024-02-29T16:27:00Z,899-1-1-01,,device_not_recording
1709224080000,2024-02-29T16:28:00Z,899-1-1-01,,device_not_recording
1709224140000,2024-02-29T16:29:00Z,899-1-1-01,,device_not_recording
1709224200000,2024-02-29T16:30:00Z,899-1-1-01,,device_not_recording
1709224260000,2024-02-29T16:31:00Z,899-1-1-01,,device_not_recording
1709224320000,2024-02-29T16:32:00Z,899-1-1-01,,device_not_recording
1709224380000,2024-02-29T16:33:00Z,899-1-1-01,,device_not_recording
1709224440000,2024-02-29T16:34:00Z,899-1-1-01,,device_not_recording
1709224500000,2024-02-29T16:35:00Z,899-1-1-01,,device_not_recording
1709224560000,2024-02-29T16:36:00Z,899-1-1-01,,device_not_recording
1709224620000,2024-02-29T16:37:00Z,899-1-1-01,,device_not_recording
1709224680000,2024-02-29T16:38:00Z,899-1-1-01,,device_not_recording
1709224740000,2024-02-29T16:39:00Z,899-1-1-01,,device_not_recording
1709224800000,2024-02-29T16:40:00Z,899-1-1-01,,device_not_recording
1709224860000,2024-02-29T16:41:00Z,899-1-1-01,,device_not_recording
1709224920000,2024-02-29T16:42:00Z,899-1-1-01,,device_not_recording
1709224980000,2024-02-29T16:43:00Z,899-1-1-01,,device_not_recording
1709225040000,2024-02-29T16:44:00Z,899-1-1-01,,device_not_recording
1709225100000,2024-02-29T16:45:00Z,899-1-1-01,,device_not_recording
1709225160000,2024-02-29T16:46:00Z,899-1-1-01,,device_not_recording
1709225220000,2024-02-29T16:47:00Z,899-1-1-01,,device_not_recording
1709225280000,2024-02-29T16:48:00Z,899-1-1-01,,device_not_recording
1709225340000,2024-02-29T16:49:00Z,899-1-1-01,,device_not_recording
1709225400000,2024-02-29T16:50:00Z,899-1-1-01,,device_not_recording
1709225460000,2024-02-29T16:51:00Z,899-1-1-01,,device_not_recording
1709225520000,2024-02-29T16:52:00Z,899-1-1-01,,device_not_recording
1709225580000,2024-02-29T16:53:00Z,899-1-1-01,,device_not_recording
1709225640000,2024-02-29T16:54:00Z,899-1-1-01,,device_not_recording
1709225700000,2024-02-29T16:55:00Z,899-1-1-01,,device_not_recording
1709225760000,2024-02-29T16:56:00Z,899-1-1-01,,device_not_recording
1709225820000,2024-02-29T16:57:00Z,899-1-1-01,,device_not_recording
1709225880000,2024-02-29T16:58:00Z,899-1-1-01,,device_not_recording
1709225940000,2024-02-29T16:59:00Z,899-1-1-01,,device_not_recording
1709226000000,2024-02-29T17:00:00Z,899-1-1-01,,device_not_recording
1709226060000,2024-02-29T17:01:00Z,899-1-1-01,,device_not_recording
1709226120000,2024-02-29T17:02:00Z,899-1-1-01,,device_not_recording
1709226180000,2024-02-29T17:03:00Z,899-1-1-01,,device_not_recording
1709226240000,2024-02-29T17:04:00Z,899-1-1-01,,device_not_recording
1709226300000,2024-02-29T17:05:00Z,899-1-1-01,,device_not_recording
1709226360000,2024-02-29T17:06:00Z,899-1-1-01,,device_not_recording
1709226420000,2024-02-29T17:07:00Z,899-1-1-01,,device_not_recording
1709226480000,2024-02-29T17:08:00Z,899-1-1-01,,device_not_recording
1709226540000,2024-02-29T17:09:00Z,899-1-1-01,,device_not_recording
1709226600000,2024-02-29T17:10:00Z,899-1-1-01,,device_not_recording
1709226660000,2024-02-29T17:11:00Z,899-1-1-01,,device_not_recording
1709226720000,2024-02-29T17:12:00Z,899-1-1-01,,device_not_recording
1709226780000,2024-02-29T17:13:00Z,899-1-1-01,,device_not_recording
1709226840000,2024-02-29T17:14:00Z,899-1-1-01,,device_not_recording
1709226900000,2024-02-29T17:15:00Z,899-1-1-01,,device_not_recording
1709226960000,2024-02-29T17:16:00Z,899-1-1-01,,device_not_recording
1709227020000,2024-02-29T17:17:00Z,899-1-1-01,,device_not_recording
1709227080000,2024-02-29T17:18:00Z,899-1-1-01,,device_not_recording
1709227140000,2024-02-29T17:19:00Z,899-1-1-01,,device_not_recording
1709227200000,2024-02-29T17:20:00Z,899-1-1-01,,device_not_recording
1709227260000,2024-02-29T17:21:00Z,899-1-1-01,,device_not_recording
1709227320000,2024-02-29T17:22:00Z,899-1-1-01,,device_not_recording
1709227380000,2024-02-29T17:23:00Z,899-1-1-01,,device_not_recording
1709227440000,2024-02-29T17:24:00Z,899-1-1-01,,device_not_recording
1709227500000,2024-02-29T17:25:00Z,899-1-1-01,,device_not_recording
1709227560000,2024-02-29T17:26:00Z,899-1-1-01,,device_not_recording
1709227620000,2024-02-29T17:27:00Z,899-1-1-01,,device_not_recording
1709227680000,2024-02-29T17:28:00Z,899-1-1-01,,device_not_recording
1709227740000,2024-02-29T17:29:00Z,899-1-1-01,,device_not_recording
1709227800000,2024-02-29T17:30:00Z,899-1-1-01,,device_not_recording
1709227860000,2024-02-29T17:31:00Z,899-1-1-01,,device_not_recording
1709227920000,2024-02-29T17:32:00Z,899-1-1-01,,device_not_recording
1709227980000,2024-02-29T17:33:00Z,899-1-1-01,,device_not_recording
1709228040000,2024-02-29T17:34:00Z,899-1-1-01,,device_not_recording
1709228100000,2024-02-29T17:35:00Z,899-1-1-01,,device_not_recording
1709228160000,2024-02-29T17:36:00Z,899-1-1-01,,device_not_recording
1709228220000,2024-02-29T17:37:00Z,899-1-1-01,,device_not_recording
1709228280000,2024-02-29T17:38:00Z,899-1-1-01,,device_not_recording
1709228340000,2024-02-29T17:39:00Z,899-1-1-01,,device_not_recording
1709228400000,2024-02-29T17:40:00Z,899-1-1-01,,device_not_recording
1709228460000,2024-02-29T17:41:00Z,899-1-1-01,,device_not_recording
1709228520000,2024-02-29T17:42:00Z,899-1-1-01,,device_not_recording
1709228580000,2024-02-29T17:43:00Z,899-1-1-01,,device_not_recording
1709228640000,2024-02-29T17:44:00Z,899-1-1-01,,device_not_recording
1709228700000,2024-02-29T17:45:00Z,899-1-1-01,,device_not_recording
1709228760000,2024-02-29T17:46:00Z,899-1-1-01,,device_not_recording
1709228820000,2024-02-29T17:47:00Z,899-1-1-01,,device_not_recording
1709228880000,2024-02-29T17:48:00Z,899-1-1-01,,device_not_recording
1709228940000,2024-02-29T17:49:00Z,899-1-1-01,,device_not_recording
1709229000000,2024-02-29T17:50:00Z,899-1-1-01,,device_not_recording
1709229060000,2024-02-29T17:51:00Z,899-1-1-01,,device_not_recording
1709229120000,2024-02-29T17:52:00Z,899-1-1-01,,device_not_recording
1709229180000,2024-02-29T17:53:00Z,899-1-1-01,,device_not_recording
1709229240000,2024-02-29T17:54:00Z,899-1-1-01,,device_not_recording
1709229300000,2024-02-29T17:55:00Z,899-1-1-01,,device_not_recording
1709229360000,2024-02-29T17:56:00Z,899-1-1-01,,device_not_recording
1709229420000,2024-02-29T17:57:00Z,899-1-1-01,,device_not_recording
1709229480000,2024-02-29T17:58:00Z,899-1-1-01,,device_not_recording
1709229540000,2024-02-29T17:59:00Z,899-1-1-01,,device_not_recording
1709229600000,2024-02-29T18:00:00Z,899-1-1-01,,device_not_recording
1709229660000,2024-02-29T18:01:00Z,899-1-1-01,,device_not_recording
1709229720000,2024-02-29T18:02:00Z,899-1-1-01,,device_not_recording
1709229780000,2024-02-29T18:03:00Z,899-1-1-01,,device_not_recording
1709229840000,2024-02-29T18:04:00Z,899-1-1-01,,device_not_recording
1709229900000,2024-02-29T18:05:00Z,899-1-1-01,,device_not_recording
1709229960000,2024-02-29T18:06:00Z,899-1-1-01,,device_not_recording
1709230020000,2024-02-29T18:07:00Z,899-1-1-01,,device_not_recording
1709230080000,2024-02-29T18:08:00Z,899-1-1-01,,device_not_recording
1709230140000,2024-02-29T18:09:00Z,899-1-1-01,,device_not_recording
1709230200000,2024-02-29T18:10:00Z,899-1-1-01,,device_not_recording
1709230260000,2024-02-29T18:11:00Z,899-1-1-01,,device_not_recording
1709230320000,2024-02-29T18:12:00Z,899-1-1-01,,device_not_recording
1709230380000,2024-02-29T18:13:00Z,899-1-1-01,,device_not_recording
1709230440000,2024-02-29T18:14:00Z,899-1-1-01,,device_not_recording
1709230500000,2024-02-29T18:15:00Z,899-1-1-01,,device_not_recording
1709230560000,2024-02-29T18:16:00Z,899-1-1-01,,device_not_recording
1709230620000,2024-02-29T18:17:00Z,899-1-1-01,,device_not_recording
1709230680000,2024-02-29T18:18:00Z,899-1-1-01,,device_not_recording
1709230740000,2024-02-29T18:19:00Z,899-1-1-01,,device_not_recording
1709230800000,2024-02-29T18:20:00Z,899-1-1-01,,device_not_recording
1709230860000,2024-02-29T18:21:00Z,899-1-1-01,,device_not_recording
1709230920000,2024-02-29T18:22:00Z,899-1-1-01,,device_not_recording
1709230980000,2024-02-29T18:23:00Z,899-1-1-01,,device_not_recording
1709231040000,2024-02-29T18:24:00Z,899-1-1-01,,device_not_recording
1709231100000,2024-02-29T18:25:00Z,899-1-1-01,,device_not_recording
1709231160000,2024-02-29T18:26:00Z,899-1-1-01,,device_not_recording
1709231220000,2024-02-29T18:27:00Z,899-1-1-01,,device_not_recording
1709231280000,2024-02-29T18:28:00Z,899-1-1-01,,device_not_recording
1709231340000,2024-02-29T18:29:00Z,899-1-1-01,,device_not_recording
1709231400000,2024-02-29T18:30:00Z,899-1-1-01,,device_not_recording
1709231460000,2024-02-29T18:31:00Z,899-1-1-01,,device_not_recording
1709231520000,2024-02-29T18:32:00Z,899-1-1-01,,device_not_recording
1709231580000,2024-02-29T18:33:00Z,899-1-1-01,,device_not_recording
1709231640000,2024-02-29T18:34:00Z,899-1-1-01,,device_not_recording
1709231700000,2024-02-29T18:35:00Z,899-1-1-01,,device_not_recording
1709231760000,2024-02-29T18:36:00Z,899-1-1-01,,device_not_recording
1709231820000,2024-02-29T18:37:00Z,899-1-1-01,,device_not_recording
1709231880000,2024-02-29T18:38:00Z,899-1-1-01,,device_not_recording
1709231940000,2024-02-29T18:39:00Z,899-1-1-01,,device_not_recording
1709232000000,2024-02-29T18:40:00Z,899-1-1-01,,device_not_recording
1709232060000,2024-02-29T18:41:00Z,899-1-1-01,,device_not_recording
1709232120000,2024-02-29T18:42:00Z,899-1-1-01,,device_not_recording
1709232180000,2024-02-29T18:43:00Z,899-1-1-01,,device_not_recording
1709232240000,2024-02-29T18:44:00Z,899-1-1-01,,device_not_recording
1709232300000,2024-02-29T18:45:00Z,899-1-1-01,,device_not_recording
1709232360000,2024-02-29T18:46:00Z,899-1-1-01,,device_not_recording
1709232420000,2024-02-29T18:47:00Z,899-1-1-01,,device_not_recording
1709232480000,2024-02-29T18:48:00Z,899-1-1-01,,device_not_recording
1709232540000,2024-02-29T18:49:00Z,899-1-1-01,,device_not_recording
1709232600000,2024-02-29T18:50:00Z,899-1-1-01,,device_not_recording
1709232660000,2024-02-29T18:51:00Z,899-1-1-01,,device_not_recording
1709232720000,2024-02-29T18:52:00Z,899-1-1-01,,device_not_recording
1709232780000,2024-02-29T18:53:00Z,899-1-1-01,,device_not_recording
1709232840000,2024-02-29T18:54:00Z,899-1-1-01,,device_not_recording
1709232900000,2024-02-29T18:55:00Z,899-1-1-01,,device_not_recording
1709232960000,2024-02-29T18:56:00Z,899-1-1-01,,device_not_recording
1709233020000,2024-02-29T18:57:00Z,899-1-1-01,,device_not_recording
1709233080000,2024-02-29T18:58:00Z,899-1-1-01,,device_not_recording
1709233140000,2024-02-29T18:59:00Z,899-1-1-01,,device_not_recording
1709233200000,2024-02-29T19:00:00Z,899-1-1-01,,device_not_recording
1709233260000,2024-02-29T19:01:00Z,899-1-1-01,,device_not_recording
1709233320000,2024-02-29T19:02:00Z,899-1-1-01,,device_not_recording
1709233380000,2024-02-29T19:03:00Z,899-1-1-01,,device_not_recording
1709233440000,2024-02-29T19:04:00Z,899-1-1-01,,device_not_recording
1709233500000,2024-02-29T19:05:00Z,899-1-1-01,,device_not_recording
1709233560000,2024-02-29T19:06:00Z,899-1-1-01,,device_not_recording
1709233620000,2024-02-29T19:07:00Z,899-1-1-01,,device_not_recording
1709233680000,2024-02-29T19:08:00Z,899-1-1-01,,device_not_recording
1709233740000,2024-02-29T19:09:00Z,899-1-1-01,,device_not_recording
1709233800000,2024-02-29T19:10:00Z,899-1-1-01,,device_not_recording
1709233860000,2024-02-29T19:11:00Z,899-1-1-01,,device_not_recording
1709233920000,2024-02-29T19:12:00Z,899-1-1-01,,device_not_recording
1709233980000,2024-02-29T19:13:00Z,899-1-1-01,,device_not_recording
1709234040000,2024-02-29T19:14:00Z,899-1-1-01,,device_not_recording
1709234100000,2024-02-29T19:15:00Z,899-1-1-01,,device_not_recording
1709234160000,2024-02-29T19:16:00Z,899-1-1-01,,device_not_recording
1709234220000,2024-02-29T19:17:00Z,899-1-1-01,,device_not_recording
1709234280000,2024-02-29T19:18:00Z,899-1-1-01,,device_not_recording
1709234340000,2024-02-29T19:19:00Z,899-1-1-01,,device_not_recording
1709234400000,2024-02-29T19:20:00Z,899-1-1-01,,device_not_recording
1709234460000,2024-02-29T19:21:00Z,899-1-1-01,,device_not_recording
1709234520000,2024-02-29T19:22:00Z,899-1-1-01,,device_not_recording
1709234580000,2024-02-29T19:23:00Z,899-1-1-01,,device_not_recording
1709234640000,2024-02-29T19:24:00Z,899-1-1-01,,device_not_recording
1709234700000,2024-02-29T19:25:00Z,899-1-1-01,,device_not_recording
1709234760000,2024-02-29T19:26:00Z,899-1-1-01,,device_not_recording
1709234820000,2024-02-29T19:27:00Z,899-1-1-01,,device_not_recording
1709234880000,2024-02-29T19:28:00Z,899-1-1-01,,device_not_recording
1709234940000,2024-02-29T19:29:00Z,899-1-1-01,,device_not_recording
1709235000000,2024-02-29T19:30:00Z,899-1-1-01,,device_not_recording
1709235060000,2024-02-29T19:31:00Z,899-1-1-01,,device_not_recording
1709235120000,2024-02-29T19:32:00Z,899-1-1-01,,device_not_recording
1709235180000,2024-02-29T19:33:00Z,899-1-1-01,,device_not_recording
1709235240000,2024-02-29T19:34:00Z,899-1-1-01,,device_not_recording
1709235300000,2024-02-29T19:35:00Z,899-1-1-01,,device_not_recording
1709235360000,2024-02-29T19:36:00Z,899-1-1-01,,device_not_recording
1709235420000,2024-02-29T19:37:00Z,899-1-1-01,,device_not_recording
1709235480000,2024-02-29T19:38:00Z,899-1-1-01,,device_not_recording
1709235540000,2024-02-29T19:39:00Z,899-1-1-01,,device_not_recording
1709235600000,2024-02-29T19:40:00Z,899-1-1-01,,device_not_recording
1709235660000,2024-02-29T19:41:00Z,899-1-1-01,,device_not_recording
1709235720000,2024-02-29T19:42:00Z,899-1-1-01,,device_not_recording
1709235780000,2024-02-29T19:43:00Z,899-1-1-01,,device_not_recording
1709235840000,2024-02-29T19:44:00Z,899-1-1-01,,device_not_recording
1709235900000,2024-02-29T19:45:00Z,899-1-1-01,,device_not_recording
1709235960000,2024-02-29T19:46:00Z,899-1-1-01,,device_not_recording
1709236020000,2024-02-29T19:47:00Z,899-1-1-01,,device_not_recording
1709236080000,2024-02-29T19:48:00Z,899-1-1-01,,device_not_recording
1709236140000,2024-02-29T19:49:00Z,899-1-1-01,,device_not_recording
1709236200000,2024-02-29T19:50:00Z,899-1-1-01,,device_not_recording
1709236260000,2024-02-29T19:51:00Z,899-1-1-01,,device_not_recording
1709236320000,2024-02-29T19:52:00Z,899-1-1-01,,device_not_recording
1709236380000,2024-02-29T19:53:00Z,899-1-1-01,,device_not_recording
1709236440000,2024-02-29T19:54:00Z,899-1-1-01,,device_not_recording
1709236500000,2024-02-29T19:55:00Z,899-1-1-01,,device_not_recording
1709236560000,2024-02-29T19:56:00Z,899-1-1-01,,device_not_recording
1709236620000,2024-02-29T19:57:00Z,899-1-1-01,,device_not_recording
1709236680000,2024-02-29T19:58:00Z,899-1-1-01,,device_not_recording
1709236740000,2024-02-29T19:59:00Z,899-1-1-01,,device_not_recording
1709236800000,2024-02-29T20:00:00Z,899-1-1-01,,device_not_recording
1709236860000,2024-02-29T20:01:00Z,899-1-1-01,,device_not_recording
1709236920000,2024-02-29T20:02:00Z,899-1-1-01,,device_not_recording
1709236980000,2024-02-29T20:03:00Z,899-1-1-01,,device_not_recording
1709237040000,2024-02-29T20:04:00Z,899-1-1-01,,device_not_recording
1709237100000,2024-02-29T20:05:00Z,899-1-1-01,,device_not_recording
1709237160000,2024-02-29T20:06:00Z,899-1-1-01,,device_not_recording
1709237220000,2024-02-29T20:07:00Z,899-1-1-01,,device_not_recording
1709237280000,2024-02-29T20:08:00Z,899-1-1-01,,device_not_recording
1709237340000,2024-02-29T20:09:00Z,899-1-1-01,,device_not_recording
1709237400000,2024-02-29T20:10:00Z,899-1-1-01,,device_not_recording
1709237460000,2024-02-29T20:11:00Z,899-1-1-01,,device_not_recording
1709237520000,2024-02-29T20:12:00Z,899-1-1-01,,device_not_recording
1709237580000,2024-02-29T20:13:00Z,899-1-1-01,,device_not_recording
1709237640000,2024-02-29T20:14:00Z,899-1-1-01,,device_not_recording
1709237700000,2024-02-29T20:15:00Z,899-1-1-01,,device_not_recording
1709237760000,2024-02-29T20:16:00Z,899-1-1-01,,device_not_recording
1709237820000,2024-02-29T20:17:00Z,899-1-1-01,,device_not_recording
1709237880000,2024-02-29T20:18:00Z,899-1-1-01,,device_not_recording
1709237940000,2024-02-29T20:19:00Z,899-1-1-01,,device_not_recording
1709238000000,2024-02-29T20:20:00Z,899-1-1-01,,device_not_recording
1709238060000,2024-02-29T20:21:00Z,899-1-1-01,,device_not_recording
1709238120000,2024-02-29T20:22:00Z,899-1-1-01,,device_not_recording
1709238180000,2024-02-29T20:23:00Z,899-1-1-01,,device_not_recording
1709238240000,2024-02-29T20:24:00Z,899-1-1-01,,device_not_recording
1709238300000,2024-02-29T20:25:00Z,899-1-1-01,,device_not_recording
1709238360000,2024-02-29T20:26:00Z,899-1-1-01,,device_not_recording
1709238420000,2024-02-29T20:27:00Z,899-1-1-01,,device_not_recording
1709238480000,2024-02-29T20:28:00Z,899-1-1-01,,device_not_recording
1709238540000,2024-02-29T20:29:00Z,899-1-1-01,,device_not_recording
1709238600000,2024-02-29T20:30:00Z,899-1-1-01,,device_not_recording
1709238660000,2024-02-29T20:31:00Z,899-1-1-01,,device_not_recording
1709238720000,2024-02-29T20:32:00Z,899-1-1-01,,device_not_recording
1709238780000,2024-02-29T20:33:00Z,899-1-1-01,,device_not_recording
1709238840000,2024-02-29T20:34:00Z,899-1-1-01,,device_not_recording
1709238900000,2024-02-29T20:35:00Z,899-1-1-01,,device_not_recording
1709238960000,2024-02-29T20:36:00Z,899-1-1-01,,device_not_recording
1709239020000,2024-02-29T20:37:00Z,899-1-1-01,,device_not_recording
1709239080000,2024-02-29T20:38:00Z,899-1-1-01,,device_not_recording
1709239140000,2024-02-29T20:39:00Z,899-1-1-01,,device_not_recording
1709239200000,2024-02-29T20:40:00Z,899-1-1-01,,device_not_recording
1709239260000,2024-02-29T20:41:00Z,899-1-1-01,,device_not_recording
1709239320000,2024-02-29T20:42:00Z,899-1-1-01,,device_not_recording
1709239380000,2024-02-29T20:43:00Z,899-1-1-01,,device_not_recording
1709239440000,2024-02-29T20:44:00Z,899-1-1-01,,device_not_recording
1709239500000,2024-02-29T20:45:00Z,899-1-1-01,,device_not_recording
1709239560000,2024-02-29T20:46:00Z,899-1-1-01,,device_not_recording
1709239620000,2024-02-29T20:47:00Z,899-1-1-01,,device_not_recording
1709239680000,2024-02-29T20:48:00Z,899-1-1-01,,device_not_recording
1709239740000,2024-02-29T20:49:00Z,899-1-1-01,,device_not_recording
1709239800000,2024-02-29T20:50:00Z,899-1-1-01,,device_not_recording
1709239860000,2024-02-29T20:51:00Z,899-1-1-01,,device_not_recording
1709239920000,2024-02-29T20:52:00Z,899-1-1-01,,device_not_recording
1709239980000,2024-02-29T20:53:00Z,899-1-1-01,,device_not_recording
1709240040000,2024-02-29T20:54:00Z,899-1-1-01,,device_not_recording
1709240100000,2024-02-29T20:55:00Z,899-1-1-01,,device_not_recording
1709240160000,2024-02-29T20:56:00Z,899-1-1-01,,device_not_recording
1709240220000,2024-02-29T20:57:00Z,899-1-1-01,,device_not_recording
1709240280000,2024-02-29T20:58:00Z,899-1-1-01,,device_not_recording
1709240340000,2024-02-29T20:59:00Z,899-1-1-01,,device_not_recording
1709240400000,2024-02-29T21:00:00Z,899-1-1-01,,device_not_recording
1709240460000,2024-02-29T21:01:00Z,899-1-1-01,,device_not_recording
1709240520000,2024-02-29T21:02:00Z,899-1-1-01,,device_not_recording
1709240580000,2024-02-29T21:03:00Z,899-1-1-01,,device_not_recording
1709240640000,2024-02-29T21:04:00Z,899-1-1-01,,device_not_recording
1709240700000,2024-02-29T21:05:00Z,899-1-1-01,,device_not_recording
1709240760000,2024-02-29T21:06:00Z,899-1-1-01,,device_not_recording
1709240820000,2024-02-29T21:07:00Z,899-1-1-01,,device_not_recording
1709240880000,2024-02-29T21:08:00Z,899-1-1-01,,device_not_recording
1709240940000,2024-02-29T21:09:00Z,899-1-1-01,,device_not_recording
1709241000000,2024-02-29T21:10:00Z,899-1-1-01,,device_not_recording
1709241060000,2024-02-29T21:11:00Z,899-1-1-01,,device_not_recording
1709241120000,2024-02-29T21:12:00Z,899-1-1-01,,device_not_recording
1709241180000,2024-02-29T21:13:00Z,899-1-1-01,,device_not_recording
1709241240000,2024-02-29T21:14:00Z,899-1-1-01,,device_not_recording
1709241300000,2024-02-29T21:15:00Z,899-1-1-01,,device_not_recording
1709241360000,2024-02-29T21:16:00Z,899-1-1-01,,device_not_recording
1709241420000,2024-02-29T21:17:00Z,899-1-1-01,,device_not_recording
1709241480000,2024-02-29T21:18:00Z,899-1-1-01,,device_not_recording
1709241540000,2024-02-29T21:19:00Z,899-1-1-01,,device_not_recording
1709241600000,2024-02-29T21:20:00Z,899-1-1-01,,device_not_recording
1709241660000,2024-02-29T21:21:00Z,899-1-1-01,,device_not_recording
1709241720000,2024-02-29T21:22:00Z,899-1-1-01,,device_not_recording
1709241780000,2024-02-29T21:23:00Z,899-1-1-01,,device_not_recording
1709241840000,2024-02-29T21:24:00Z,899-1-1-01,,device_not_recording
1709241900000,2024-02-29T21:25:00Z,899-1-1-01,,device_not_recording
1709241960000,2024-02-29T21:26:00Z,899-1-1-01,,device_not_recording
1709242020000,2024-02-29T21:27:00Z,899-1-1-01,,device_not_recording
1709242080000,2024-02-29T21:28:00Z,899-1-1-01,,device_not_recording
1709242140000,2024-02-29T21:29:00Z,899-1-1-01,,device_not_recording
1709242200000,2024-02-29T21:30:00Z,899-1-1-01,,device_not_recording
1709242260000,2024-02-29T21:31:00Z,899-1-1-01,,device_not_recording
1709242320000,2024-02-29T21:32:00Z,899-1-1-01,,device_not_recording
1709242380000,2024-02-29T21:33:00Z,899-1-1-01,,device_not_recording
1709242440000,2024-02-29T21:34:00Z,899-1-1-01,,device_not_recording
1709242500000,2024-02-29T21:35:00Z,899-1-1-01,,device_not_recording
1709242560000,2024-02-29T21:36:00Z,899-1-1-01,,device_not_recording
1709242620000,2024-02-29T21:37:00Z,899-1-1-01,,device_not_recording
1709242680000,2024-02-29T21:38:00Z,899-1-1-01,,device_not_recording
1709242740000,2024-02-29T21:39:00Z,899-1-1-01,,device_not_recording
1709242800000,2024-02-29T21:40:00Z,899-1-1-01,,device_not_recording
1709242860000,2024-02-29T21:41:00Z,899-1-1-01,,device_not_recording
1709242920000,2024-02-29T21:42:00Z,899-1-1-01,,device_not_recording
1709242980000,2024-02-29T21:43:00Z,899-1-1-01,,device_not_recording
1709243040000,2024-02-29T21:44:00Z,899-1-1-01,,device_not_recording
1709243100000,2024-02-29T21:45:00Z,899-1-1-01,,device_not_recording
1709243160000,2024-02-29T21:46:00Z,899-1-1-01,,device_not_recording
1709243220000,2024-02-29T21:47:00Z,899-1-1-01,,device_not_recording
1709243280000,2024-02-29T21:48:00Z,899-1-1-01,,device_not_recording
1709243340000,2024-02-29T21:49:00Z,899-1-1-01,,device_not_recording
1709243400000,2024-02-29T21:50:00Z,899-1-1-01,,device_not_recording
1709243460000,2024-02-29T21:51:00Z,899-1-1-01,,device_not_recording
1709243520000,2024-02-29T21:52:00Z,899-1-1-01,,device_not_recording
1709243580000,2024-02-29T21:53:00Z,899-1-1-01,,device_not_worn_correctly
1709243640000,2024-02-29T21:54:00Z,899-1-1-01,,device_not_worn_correctly
1709243700000,2024-02-29T21:55:00Z,899-1-1-01,,device_not_worn_correctly
1709243760000,2024-02-29T21:56:00Z,899-1-1-01,sedentary,
1709243820000,2024-02-29T21:57:00Z,899-1-1-01,sedentary,
1709243880000,2024-02-29T21:58:00Z,899-1-1-01,sedentary,
1709243940000,2024-02-29T21:59:00Z,899-1-1-01,MPA,
1709244000000,2024-02-29T22:00:00Z,899-1-1-01,,device_not_worn_correctly
1709244060000,2024-02-29T22:01:00Z,899-1-1-01,,device_not_worn_correctly
1709244120000,2024-02-29T22:02:00Z,899-1-1-01,LPA,
1709244180000,2024-02-29T22:03:00Z,899-1-1-01,MPA,
1709244240000,2024-02-29T22:04:00Z,899-1-1-01,LPA,
1709244300000,2024-02-29T22:05:00Z,899-1-1-01,MPA,
1709244360000,2024-02-29T22:06:00Z,899-1-1-01,LPA,
1709244420000,2024-02-29T22:07:00Z,899-1-1-01,sedentary,
1709244480000,2024-02-29T22:08:00Z,899-1-1-01,sedentary,
1709244540000,2024-02-29T22:09:00Z,899-1-1-01,sedentary,
1709244600000,2024-02-29T22:10:00Z,899-1-1-01,sedentary,
1709244660000,2024-02-29T22:11:00Z,899-1-1-01,,device_not_recording
1709244720000,2024-02-29T22:12:00Z,899-1-1-01,,device_not_recording
1709244780000,2024-02-29T22:13:00Z,899-1-1-01,,device_not_recording
1709244840000,2024-02-29T22:14:00Z,899-1-1-01,,device_not_recording
1709244900000,2024-02-29T22:15:00Z,899-1-1-01,,device_not_recording
1709244960000,2024-02-29T22:16:00Z,899-1-1-01,,device_not_recording
1709245020000,2024-02-29T22:17:00Z,899-1-1-01,,device_not_recording
1709245080000,2024-02-29T22:18:00Z,899-1-1-01,,device_not_recording
1709245140000,2024-02-29T22:19:00Z,899-1-1-01,,device_not_recording
1709245200000,2024-02-29T22:20:00Z,899-1-1-01,,device_not_recording
1709245260000,2024-02-29T22:21:00Z,899-1-1-01,,device_not_recording
1709245320000,2024-02-29T22:22:00Z,899-1-1-01,,device_not_recording
1709245380000,2024-02-29T22:23:00Z,899-1-1-01,,device_not_recording
1709245440000,2024-02-29T22:24:00Z,899-1-1-01,,device_not_recording
1709245500000,2024-02-29T22:25:00Z,899-1-1-01,,device_not_recording
1709245560000,2024-02-29T22:26:00Z,899-1-1-01,,device_not_recording
1709245620000,2024-02-29T22:27:00Z,899-1-1-01,,device_not_recording
1709245680000,2024-02-29T22:28:00Z,899-1-1-01,,device_not_recording
1709245740000,2024-02-29T22:29:00Z,899-1-1-01,,device_not_recording
1709245800000,2024-02-29T22:30:00Z,899-1-1-01,,device_not_recording
1709245860000,2024-02-29T22:31:00Z,899-1-1-01,,device_not_recording
1709245920000,2024-02-29T22:32:00Z,899-1-1-01,,device_not_recording
1709245980000,2024-02-29T22:33:00Z,899-1-1-01,,device_not_recording
1709246040000,2024-02-29T22:34:00Z,899-1-1-01,,device_not_recording
1709246100000,2024-02-29T22:35:00Z,899-1-1-01,,device_not_recording
1709246160000,2024-02-29T22:36:00Z,899-1-1-01,,device_not_recording
1709246220000,2024-02-29T22:37:00Z,899-1-1-01,,device_not_recording
1709246280000,2024-02-29T22:38:00Z,899-1-1-01,,device_not_recording
1709246340000,2024-02-29T22:39:00Z,899-1-1-01,,device_not_recording
1709246400000,2024-02-29T22:40:00Z,899-1-1-01,,device_not_recording
1709246460000,2024-02-29T22:41:00Z,899-1-1-01,,device_not_recording
1709246520000,2024-02-29T22:42:00Z,899-1-1-01,,device_not_recording
1709246580000,2024-02-29T22:43:00Z,899-1-1-01,,device_not_recording
1709246640000,2024-02-29T22:44:00Z,899-1-1-01,,device_not_recording
1709246700000,2024-02-29T22:45:00Z,899-1-1-01,,device_not_recording
1709246760000,2024-02-29T22:46:00Z,899-1-1-01,,device_not_recording
1709246820000,2024-02-29T22:47:00Z,899-1-1-01,,device_not_recording
1709246880000,2024-02-29T22:48:00Z,899-1-1-01,,device_not_recording
1709246940000,2024-02-29T22:49:00Z,899-1-1-01,,device_not_recording
1709247000000,2024-02-29T22:50:00Z,899-1-1-01,,device_not_recording
1709247060000,2024-02-29T22:51:00Z,899-1-1-01,,device_not_recording
1709247120000,2024-02-29T22:52:00Z,899-1-1-01,,device_not_recording
1709247180000,2024-02-29T22:53:00Z,899-1-1-01,,device_not_recording
1709247240000,2024-02-29T22:54:00Z,899-1-1-01,,device_not_recording
1709247300000,2024-02-29T22:55:00Z,899-1-1-01,,device_not_recording
1709247360000,2024-02-29T22:56:00Z,899-1-1-01,,device_not_recording
1709247420000,2024-02-29T22:57:00Z,899-1-1-01,,device_not_recording
1709247480000,2024-02-29T22:58:00Z,899-1-1-01,,device_not_recording
1709247540000,2024-02-29T22:59:00Z,899-1-1-01,,device_not_recording
1709247600000,2024-02-29T23:00:00Z,899-1-1-01,,device_not_recording
1709247660000,2024-02-29T23:01:00Z,899-1-1-01,,device_not_recording
1709247720000,2024-02-29T23:02:00Z,899-1-1-01,,device_not_recording
1709247780000,2024-02-29T23:03:00Z,899-1-1-01,,device_not_recording
1709247840000,2024-02-29T23:04:00Z,899-1-1-01,,device_not_recording
1709247900000,2024-02-29T23:05:00Z,899-1-1-01,,device_not_recording
1709247960000,2024-02-29T23:06:00Z,899-1-1-01,,device_not_recording
1709248020000,2024-02-29T23:07:00Z,899-1-1-01,,device_not_recording
1709248080000,2024-02-29T23:08:00Z,899-1-1-01,,device_not_recording
1709248140000,2024-02-29T23:09:00Z,899-1-1-01,,device_not_recording
1709248200000,2024-02-29T23:10:00Z,899-1-1-01,,device_not_recording
1709248260000,2024-02-29T23:11:00Z,899-1-1-01,,device_not_recording
1709248320000,2024-02-29T23:12:00Z,899-1-1-01,,device_not_recording
1709248380000,2024-02-29T23:13:00Z,899-1-1-01,,device_not_recording
1709248440000,2024-02-29T23:14:00Z,899-1-1-01,,device_not_recording
1709248500000,2024-02-29T23:15:00Z,899-1-1-01,,device_not_recording
1709248560000,2024-02-29T23:16:00Z,899-1-1-01,,device_not_recording
1709248620000,2024-02-29T23:17:00Z,899-1-1-01,,device_not_recording
1709248680000,2024-02-29T23:18:00Z,899-1-1-01,,device_not_recording
1709248740000,2024-02-29T23:19:00Z,899-1-1-01,,device_not_recording
1709248800000,2024-02-29T23:20:00Z,899-1-1-01,,device_not_recording
1709248860000,2024-02-29T23:21:00Z,899-1-1-01,,device_not_recording
1709248920000,2024-02-29T23:22:00Z,899-1-1-01,,device_not_recording
1709248980000,2024-02-29T23:23:00Z,899-1-1-01,,device_not_recording
1709249040000,2024-02-29T23:24:00Z,899-1-1-01,,device_not_recording
1709249100000,2024-02-29T23:25:00Z,899-1-1-01,,device_not_recording
1709249160000,2024-02-29T23:26:00Z,899-1-1-01,,device_not_recording
1709249220000,2024-02-29T23:27:00Z,899-1-1-01,,device_not_recording
1709249280000,2024-02-29T23:28:00Z,899-1-1-01,,device_not_recording
1709249340000,2024-02-29T23:29:00Z,899-1-1-01,,device_not_recording
1709249400000,2024-02-29T23:30:00Z,899-1-1-01,,device_not_recording
1709249460000,2024-02-29T23:31:00Z,899-1-1-01,,device_not_recording
1709249520000,2024-02-29T23:32:00Z,899-1-1-01,,device_not_recording
1709249580000,2024-02-29T23:33:00Z,899-1-1-01,,device_not_recording
1709249640000,2024-02-29T23:34:00Z,899-1-1-01,,device_not_recording
1709249700000,2024-02-29T23:35:00Z,899-1-1-01,,device_not_recording
1709249760000,2024-02-29T23:36:00Z,899-1-1-01,,device_not_recording
1709249820000,2024-02-29T23:37:00Z,899-1-1-01,,device_not_recording
1709249880000,2024-02-29T23:38:00Z,899-1-1-01,,device_not_recording
1709249940000,2024-02-29T23:39:00Z,899-1-1-01,,device_not_recording
1709250000000,2024-02-29T23:40:00Z,899-1-1-01,,device_not_recording
1709250060000,2024-02-29T23:41:00Z,899-1-1-01,,device_not_recording
1709250120000,2024-02-29T23:42:00Z,899-1-1-01,,device_not_recording
1709250180000,2024-02-29T23:43:00Z,899-1-1-01,,device_not_recording
1709250240000,2024-02-29T23:44:00Z,899-1-1-01,,device_not_recording
1709250300000,2024-02-29T23:45:00Z,899-1-1-01,,device_not_recording
1709250360000,2024-02-29T23:46:00Z,899-1-1-01,,device_not_recording
1709250420000,2024-02-29T23:47:00Z,899-1-1-01,,device_not_recording
1709250480000,2024-02-29T23:48:00Z,899-1-1-01,,device_not_recording
1709250540000,2024-02-29T23:49:00Z,899-1-1-01,,device_not_recording
1709250600000,2024-02-29T23:50:00Z,899-1-1-01,,device_not_recording
1709250660000,2024-02-29T23:51:00Z,899-1-1-01,,device_not_recording
1709250720000,2024-02-29T23:52:00Z,899-1-1-01,,device_not_recording
1709250780000,2024-02-29T23:53:00Z,899-1-1-01,,device_not_recording
1709250840000,2024-02-29T23:54:00Z,899-1-1-01,,device_not_recording
1709250900000,2024-02-29T23:55:00Z,899-1-1-01,,device_not_recording
1709250960000,2024-02-29T23:56:00Z,899-1-1-01,,device_not_recording
1709251020000,2024-02-29T23:57:00Z,899-1-1-01,,device_not_recording
1709251080000,2024-02-29T23:58:00Z,899-1-1-01,,device_not_recording
1709251140000,2024-02-29T23:59:00Z,899-1-1-01,,device_not_recording
